t,rpm_true,rpm_est,iq,iq_ref,theta_err_deg,state
0.0000,-0.0,-0.4,-0.010,0.003,-63.03,1
0.0010,-0.5,-0.4,-0.051,0.056,-63.02,1
0.0020,-2.1,-0.2,-0.087,0.109,-62.98,1
0.0030,-4.7,-0.8,-0.142,0.163,-62.88,1
0.0040,-8.4,-2.6,-0.182,0.216,-62.69,1
0.0050,-13.0,-4.3,-0.220,0.269,-62.37,1
0.0060,-18.6,-6.1,-0.268,0.323,-61.92,1
0.0070,-25.1,-8.8,-0.308,0.376,-61.33,1
0.0080,-32.6,-12.2,-0.339,0.429,-60.58,1
0.0090,-40.9,-16.7,-0.396,0.483,-59.65,1
0.0100,-50.1,-20.9,-0.423,0.536,-58.54,1
0.0110,-59.8,-26.6,-0.450,0.589,-57.25,1
0.0120,-70.1,-33.2,-0.472,0.643,-55.77,1
0.0130,-80.6,-38.9,-0.465,0.696,-54.14,1
0.0140,-91.1,-47.3,-0.467,0.749,-52.37,1
0.0150,-101.4,-54.4,-0.445,0.803,-50.49,1
0.0160,-111.0,-64.0,-0.410,0.856,-48.52,1
0.0170,-119.7,-72.6,-0.369,0.909,-46.52,1
0.0180,-127.2,-80.4,-0.304,0.963,-44.55,1
0.0190,-132.9,-88.6,-0.218,1.016,-42.64,1
0.0200,-136.4,-95.4,-0.111,1.069,-40.83,1
0.0210,-137.7,-100.4,0.002,1.123,-39.18,1
0.0220,-136.3,-104.0,0.122,1.176,-37.73,1
0.0230,-132.2,-105.9,0.232,1.229,-36.50,1
0.0240,-125.4,-104.8,0.362,1.283,-35.51,1
0.0250,-115.8,-100.9,0.480,1.336,-34.75,1
0.0260,-103.7,-95.1,0.577,1.389,-34.23,1
0.0270,-89.4,-85.6,0.674,1.443,-33.93,1
0.0280,-73.1,-72.6,0.770,1.496,-33.82,1
0.0290,-55.2,-58.8,0.835,1.549,-33.90,1
0.0300,-36.1,-44.0,0.848,1.603,-34.13,1
0.0310,-16.5,-26.4,0.874,1.656,-34.49,1
0.0320,3.4,-9.3,0.862,1.709,-34.95,1
0.0330,23.0,9.6,0.855,1.763,-35.46,1
0.0340,41.7,28.4,0.808,1.816,-36.00,1
0.0350,58.9,45.4,0.713,1.869,-36.55,1
0.0360,73.9,62.3,0.614,1.923,-37.07,1
0.0370,86.3,75.9,0.486,1.976,-37.53,1
0.0380,95.6,87.2,0.336,2.029,-37.93,1
0.0390,101.5,95.7,0.189,2.083,-38.23,1
0.0400,103.6,99.7,0.018,2.136,-38.43,1
0.0410,102.1,100.9,-0.149,2.189,-38.54,1
0.0420,96.9,98.0,-0.295,2.243,-38.56,1
0.0430,88.5,90.2,-0.445,2.296,-38.51,1
0.0440,77.4,81.4,-0.547,2.349,-38.37,1
0.0450,63.9,69.5,-0.641,2.403,-38.18,1
0.0460,48.8,55.8,-0.691,2.456,-37.94,1
0.0470,32.7,39.9,-0.726,2.509,-37.65,1
0.0480,16.1,25.4,-0.730,2.563,-37.32,1
0.0490,-0.1,9.3,-0.709,2.616,-36.94,1
0.0500,-15.5,-4.9,-0.649,2.669,-36.54,1
0.0510,-29.4,-19.2,-0.572,2.723,-36.11,1
0.0520,-41.1,-31.3,-0.470,2.776,-35.69,1
0.0530,-50.3,-41.2,-0.348,2.829,-35.28,1
0.0540,-56.6,-47.5,-0.200,2.883,-34.91,1
0.0550,-59.8,-53.7,-0.080,2.936,-34.61,1
0.0560,-59.9,-56.8,0.052,2.989,-34.39,1
0.0570,-57.0,-55.6,0.191,3.043,-34.28,1
0.0580,-51.5,-52.8,0.294,3.096,-34.28,1
0.0590,-43.8,-47.5,0.398,3.149,-34.39,1
0.0600,-34.3,-40.5,0.443,3.203,-34.59,1
0.0610,-23.8,-31.3,0.486,3.256,-34.87,1
0.0620,-12.9,-22.0,0.474,3.309,-35.21,1
0.0630,-2.3,-11.7,0.445,3.363,-35.57,1
0.0640,7.4,-1.2,0.409,3.416,-35.95,1
0.0650,15.9,8.7,0.351,3.469,-36.28,1
0.0660,22.6,16.1,0.248,3.523,-36.56,1
0.0670,27.4,22.8,0.162,3.576,-36.76,1
0.0680,29.9,27.4,0.071,3.629,-36.89,1
0.0690,30.4,29.8,-0.026,3.683,-36.95,1
0.0700,29.0,30.1,-0.105,3.736,-36.92,1
0.0710,26.0,30.0,-0.160,3.789,-36.82,1
0.0720,21.5,25.1,-0.229,3.843,-36.67,1
0.0730,16.1,21.9,-0.235,3.896,-36.49,1
0.0740,10.4,16.6,-0.245,3.949,-36.27,1
0.0750,4.7,9.4,-0.255,4.000,-36.04,1
0.0760,-0.6,4.1,-0.226,4.000,-35.82,1
0.0770,-5.2,-0.5,-0.187,4.000,-35.62,1
0.0780,-8.9,-5.4,-0.135,4.000,-35.46,1
0.0790,-11.4,-8.6,-0.087,4.000,-35.35,1
0.0800,-12.9,-12.6,-0.053,4.000,-35.28,1
0.0810,-13.2,-13.4,0.001,4.000,-35.25,1
0.0820,-12.7,-13.1,0.048,4.000,-35.27,1
0.0830,-11.3,-12.9,0.074,4.000,-35.32,1
0.0840,-9.3,-10.8,0.105,4.000,-35.39,1
0.0850,-7.0,-9.5,0.099,4.000,-35.49,1
0.0860,-4.6,-6.9,0.111,4.000,-35.60,1
0.0870,-2.1,-4.2,0.115,4.000,-35.71,1
0.0880,0.2,-2.3,0.096,4.000,-35.81,1
0.0890,2.1,0.4,0.082,4.000,-35.90,1
0.0900,3.7,2.4,0.064,4.000,-35.97,1
0.0910,4.8,3.3,0.039,4.000,-36.03,1
0.0920,5.4,5.3,0.023,4.000,-36.06,1
0.0930,5.6,5.6,-0.007,4.000,-36.08,1
0.0940,5.3,6.4,-0.009,4.000,-36.07,1
0.0950,4.8,5.5,-0.022,4.000,-36.05,1
0.0960,4.0,5.2,-0.041,4.000,-36.01,1
0.0970,3.1,4.3,-0.048,4.000,-35.96,1
0.0980,2.0,2.6,-0.051,4.000,-35.91,1
0.0990,0.9,1.4,-0.051,4.000,-35.86,1
0.1000,-0.1,0.5,-0.044,4.000,-35.82,1
0.1010,-0.9,0.2,-0.031,4.000,-35.78,1
0.1020,-1.6,-1.1,-0.026,4.000,-35.75,1
0.1030,-2.1,-1.5,-0.007,4.000,-35.72,1
0.1040,-2.3,-1.3,-0.002,4.000,-35.70,1
0.1050,-2.4,-2.5,-0.004,4.000,-35.70,1
0.1060,-2.4,-2.6,0.005,4.000,-35.71,1
0.1070,-2.1,-2.8,0.012,4.000,-35.73,1
0.1080,-1.7,-1.8,0.022,4.000,-35.74,1
0.1090,-1.3,-1.8,0.024,4.000,-35.76,1
0.1100,-0.8,-0.2,0.032,4.000,-35.78,1
0.1110,-0.4,-1.1,0.008,4.000,-35.79,1
0.1120,-0.0,-0.4,0.019,4.000,-35.81,1
0.1130,0.3,0.4,0.021,4.000,-35.84,1
0.1140,0.7,1.1,0.023,4.000,-35.84,1
0.1150,0.9,0.4,-0.002,4.000,-35.86,1
0.1160,1.0,0.4,-0.010,4.000,-35.87,1
0.1170,1.1,1.8,0.004,4.000,-35.86,1
0.1180,1.2,1.8,-0.006,4.000,-35.84,1
0.1190,1.0,1.2,-0.015,4.000,-35.83,1
0.1200,0.8,1.0,-0.018,4.000,-35.82,1
0.1210,0.5,0.6,-0.010,4.000,-35.81,1
0.1220,0.3,0.4,-0.007,4.000,-35.81,1
0.1230,0.1,0.4,-0.003,4.000,-35.81,1
0.1240,0.0,-0.2,-0.014,4.000,-35.79,1
0.1250,-0.1,-0.6,-0.015,4.000,-35.77,1
0.1260,-0.3,-0.8,-0.014,4.000,-35.77,1
0.1270,-0.4,0.3,0.001,4.000,-35.76,1
0.1280,-0.5,-0.4,-0.004,4.000,-35.75,1
0.1290,-0.6,-1.4,-0.006,4.000,-35.75,1
0.1300,-0.5,-1.4,-0.009,4.000,-35.75,1
0.1310,-0.5,-1.1,-0.001,4.000,-35.76,1
0.1320,-0.3,0.2,0.006,4.000,-35.75,1
0.1330,-0.1,0.2,0.012,4.000,-35.75,1
0.1340,-0.1,1.0,0.018,4.000,-35.75,1
0.1350,0.1,-0.1,0.007,4.000,-35.74,1
0.1360,0.1,1.1,0.006,4.000,-35.75,1
0.1370,0.2,0.3,0.004,4.000,-35.75,1
0.1380,0.1,0.4,0.008,4.000,-35.76,1
0.1390,0.2,0.8,0.005,4.000,-35.75,1
0.1400,0.2,0.6,0.004,4.000,-35.74,1
0.1410,0.3,0.7,-0.004,4.000,-35.72,1
0.1420,0.2,0.1,-0.007,4.000,-35.72,1
0.1430,0.1,0.9,0.009,4.000,-35.71,1
0.1440,0.1,0.3,0.004,4.000,-35.71,1
0.1450,0.1,0.9,0.005,4.000,-35.70,1
0.1460,0.1,0.3,-0.004,4.000,-35.69,1
0.1470,-0.0,-0.7,-0.014,4.000,-35.69,1
0.1480,-0.2,-0.0,0.002,4.000,-35.70,1
0.1490,-0.1,0.5,0.008,4.000,-35.69,1
0.1500,-0.2,-0.5,-0.006,4.000,-35.70,2
0.1510,0.0,-1.8,0.008,5.000,-35.73,2
0.1520,0.6,-0.6,0.022,5.000,-35.76,2
0.1530,1.5,0.4,0.046,5.000,-35.80,2
0.1540,2.8,1.6,0.074,5.000,-35.85,2
0.1550,4.5,3.2,0.093,5.000,-35.94,2
0.1560,6.4,4.4,0.098,5.000,-36.03,2
0.1570,8.6,4.8,0.094,5.000,-36.14,2
0.1580,10.8,7.5,0.106,5.000,-36.27,2
0.1590,13.1,9.7,0.108,5.000,-36.42,2
0.1600,15.3,12.3,0.104,5.000,-36.58,2
0.1610,17.4,14.0,0.096,5.000,-36.74,2
0.1620,19.5,15.5,0.083,5.000,-36.90,2
0.1630,21.2,17.2,0.075,5.000,-37.08,2
0.1640,22.8,18.5,0.070,5.000,-37.27,2
0.1650,24.4,20.2,0.073,5.000,-37.45,2
0.1660,25.8,21.1,0.065,5.000,-37.66,2
0.1670,27.2,22.2,0.058,5.000,-37.86,2
0.1680,28.6,22.4,0.050,5.000,-38.08,2
0.1690,29.8,23.3,0.049,5.000,-38.32,2
0.1700,31.1,25.0,0.054,5.000,-38.57,2
0.1710,32.3,25.8,0.055,5.000,-38.84,2
0.1720,33.7,27.3,0.064,5.000,-39.12,2
0.1730,35.0,28.0,0.060,5.000,-39.42,2
0.1740,36.6,28.0,0.059,5.000,-39.73,2
0.1750,38.0,30.4,0.073,5.000,-40.07,2
0.1760,39.6,30.5,0.066,5.000,-40.43,2
0.1770,41.1,31.7,0.071,5.000,-40.82,2
0.1780,42.6,31.6,0.071,5.000,-41.24,2
0.1790,44.3,33.8,0.076,5.000,-41.68,2
0.1800,45.9,34.0,0.071,5.000,-42.14,2
0.1810,47.6,35.9,0.082,5.000,-42.63,2
0.1820,49.3,37.0,0.074,5.000,-43.14,2
0.1830,50.9,38.6,0.077,5.000,-43.68,2
0.1840,52.5,38.9,0.068,5.000,-44.23,2
0.1850,54.2,40.8,0.068,5.000,-44.81,2
0.1860,55.8,39.9,0.061,5.000,-45.43,2
0.1870,57.3,42.1,0.068,5.000,-46.08,2
0.1880,58.8,42.4,0.076,5.000,-46.78,2
0.1890,60.4,41.7,0.073,5.000,-47.51,2
0.1900,62.0,42.5,0.065,5.000,-48.29,2
0.1910,63.6,42.8,0.072,5.000,-49.12,2
0.1920,65.2,43.4,0.075,5.000,-50.00,2
0.1930,66.8,43.8,0.077,5.000,-50.93,2
0.1940,68.5,44.1,0.079,5.000,-51.92,2
0.1950,70.2,45.0,0.072,5.000,-52.97,2
0.1960,71.9,44.7,0.076,5.000,-54.08,2
0.1970,73.6,44.5,0.084,5.000,-55.27,2
0.1980,75.3,44.1,0.084,5.000,-56.55,2
0.1990,77.2,43.6,0.082,5.000,-57.93,2
0.2000,79.1,43.1,0.082,5.000,-59.40,2
0.2010,80.9,41.7,0.094,5.000,-60.97,2
0.2020,83.0,40.7,0.093,5.000,-62.67,2
0.2030,84.9,39.5,0.095,5.000,-64.49,2
0.2040,86.9,38.4,0.080,5.000,-66.47,2
0.2050,89.0,35.9,0.095,5.000,-68.60,2
0.2060,91.2,33.7,0.093,5.000,-70.93,2
0.2070,93.4,29.6,0.110,5.000,-73.47,2
0.2080,95.9,26.6,0.102,5.000,-76.27,2
0.2090,98.7,21.8,0.140,5.000,-79.34,2
0.2100,101.8,16.7,0.122,5.000,-82.75,2
0.2110,104.9,10.1,0.156,5.000,-86.54,2
0.2120,108.5,1.9,0.182,5.000,-90.78,2
0.2130,112.5,-8.2,0.197,5.000,-95.54,2
0.2140,117.0,-19.3,0.213,5.000,-100.93,2
0.2150,122.2,-33.0,0.227,5.000,-107.07,2
0.2160,128.3,-50.9,0.295,5.000,-114.11,2
0.2170,135.1,-71.3,0.329,5.000,-122.20,2
0.2180,142.9,-94.1,0.371,5.000,-131.52,2
0.2190,151.9,-120.8,0.403,5.000,-142.26,2
0.2200,160.8,-147.7,0.312,5.000,-154.51,2
0.2210,165.6,-171.0,0.106,5.000,-168.14,2
0.2220,165.7,-183.1,-0.091,5.000,177.38,2
0.2230,161.2,-180.3,-0.286,5.000,162.83,2
0.2240,152.6,-164.3,-0.445,5.000,148.98,2
0.2250,140.7,-136.7,-0.591,5.000,136.51,2
0.2260,125.7,-106.5,-0.795,5.000,125.79,2
0.2270,105.5,-77.7,-0.987,5.000,117.08,2
0.2280,81.9,-49.7,-1.098,5.000,110.52,2
0.2290,57.3,-26.5,-1.076,5.000,106.02,2
0.2300,34.8,-10.1,-0.908,5.000,103.35,2
0.2310,17.2,0.4,-0.627,5.000,102.10,2
0.2320,6.5,7.2,-0.274,5.000,101.86,2
0.2330,4.8,11.0,0.130,5.000,102.08,2
0.2340,12.5,11.6,0.559,5.000,102.24,2
0.2350,29.8,7.4,0.971,5.000,101.79,2
0.2360,55.7,1.9,1.321,5.000,100.25,2
0.2370,88.2,-2.6,1.546,5.000,97.24,2
0.2380,124.8,-5.1,1.650,5.000,92.59,2
0.2390,161.8,-0.7,1.614,5.000,86.43,2
0.2400,195.6,11.8,1.376,5.000,79.12,2
0.2410,222.3,32.5,0.986,5.000,71.24,2
0.2420,238.6,59.4,0.462,5.000,63.48,2
0.2430,242.7,87.6,-0.103,5.000,56.46,2
0.2440,234.5,111.2,-0.611,5.000,50.63,2
0.2450,216.1,128.4,-0.985,5.000,46.22,2
0.2460,190.5,134.6,-1.231,5.000,43.22,2
0.2470,161.6,130.7,-1.309,5.000,41.43,2
0.2480,133.0,119.6,-1.208,5.000,40.53,2
0.2490,108.0,103.8,-0.992,5.000,40.16,2
0.2500,89.2,85.7,-0.678,5.000,40.01,2
0.2510,77.9,70.5,-0.319,5.000,39.80,2
0.2520,75.0,60.7,0.050,5.000,39.35,2
0.2530,79.6,56.0,0.354,5.000,38.55,2
0.2540,90.5,58.6,0.613,5.000,37.39,2
0.2550,105.9,66.4,0.752,5.000,35.87,2
0.2560,123.9,78.8,0.824,5.000,34.10,2
0.2570,142.5,94.5,0.816,5.000,32.17,2
0.2580,160.1,112.3,0.741,5.000,30.18,2
0.2590,175.3,130.0,0.599,5.000,28.25,2
0.2600,187.1,146.1,0.439,5.000,26.46,2
0.2610,195.0,160.2,0.276,5.000,24.87,2
0.2620,199.0,169.6,0.100,5.000,23.52,2
0.2630,199.5,175.7,-0.051,5.000,22.43,2
0.2640,197.1,178.9,-0.159,5.000,21.57,2
0.2650,192.7,179.2,-0.217,5.000,20.90,2
0.2660,187.3,176.5,-0.249,5.000,20.38,2
0.2670,181.7,172.2,-0.235,5.000,19.95,2
0.2680,176.6,166.7,-0.207,5.000,19.55,2
0.2690,172.5,162.7,-0.139,5.000,19.13,2
0.2700,169.9,158.8,-0.072,5.000,18.67,2
0.2710,168.9,155.6,-0.005,5.000,18.14,2
0.2720,169.5,154.6,0.063,5.000,17.55,2
0.2730,171.3,155.9,0.117,5.000,16.90,2
0.2740,174.3,157.0,0.154,5.000,16.21,2
0.2750,178.0,160.3,0.175,5.000,15.49,2
0.2760,182.1,164.2,0.182,5.000,14.75,2
0.2770,186.2,168.9,0.180,5.000,14.03,2
0.2780,190.2,173.6,0.173,5.000,13.34,2
0.2790,193.8,179.0,0.148,5.000,12.71,2
0.2800,196.9,183.8,0.134,5.000,12.12,2
0.2810,199.4,187.3,0.105,5.000,11.59,2
0.2820,201.3,190.0,0.074,5.000,11.11,2
0.2830,202.8,192.4,0.054,5.000,10.67,2
0.2840,203.9,194.7,0.044,5.000,10.27,2
0.2850,204.9,196.4,0.035,5.000,9.92,2
0.2860,205.6,197.6,0.032,5.000,9.58,2
0.2870,206.3,198.5,0.030,5.000,9.26,2
0.2880,206.9,199.4,0.039,5.000,8.94,2
0.2890,207.8,199.5,0.038,5.000,8.61,2
0.2900,208.8,201.5,0.058,5.000,8.29,2
0.2910,210.1,202.4,0.059,5.000,7.98,2
0.2920,211.4,204.0,0.070,5.000,7.65,2
0.2930,212.9,204.9,0.068,5.000,7.33,2
0.2940,214.5,206.7,0.079,5.000,7.00,2
0.2950,216.2,208.9,0.087,5.000,6.67,2
0.2960,218.0,210.3,0.084,5.000,6.35,2
0.2970,219.7,211.8,0.072,5.000,6.03,2
0.2980,221.4,214.6,0.082,5.000,5.73,2
0.2990,223.2,216.4,0.082,5.000,5.44,2
0.3000,224.9,218.0,0.071,5.000,5.16,2
0.3010,226.4,220.5,0.078,5.000,4.89,2
0.3020,228.1,222.3,0.075,5.000,4.64,2
0.3030,229.7,224.1,0.068,5.000,4.41,2
0.3040,231.1,226.1,0.072,5.000,4.18,2
0.3050,232.6,227.0,0.062,5.000,3.96,2
0.3060,234.0,229.0,0.066,5.000,3.75,2
0.3070,235.5,230.5,0.071,5.000,3.55,2
0.3080,236.9,232.2,0.069,5.000,3.35,2
0.3090,238.4,234.3,0.075,5.000,3.16,2
0.3100,239.9,235.3,0.063,5.000,2.98,2
0.3110,241.3,236.5,0.061,5.000,2.80,2
0.3120,242.8,238.2,0.061,5.000,2.63,2
0.3130,244.2,240.5,0.075,5.000,2.45,2
0.3140,245.7,240.8,0.066,5.000,2.27,2
0.3150,247.3,244.2,0.086,5.000,2.11,2
0.3160,248.8,245.3,0.079,5.000,1.94,2
0.3170,250.3,246.9,0.075,5.000,1.79,2
0.3180,251.9,248.2,0.067,5.000,1.64,2
0.3190,253.4,249.9,0.074,5.000,1.50,2
0.3200,255.0,252.0,0.077,5.000,1.36,2
0.3210,256.5,253.9,0.074,5.000,1.24,2
0.3220,258.0,255.0,0.072,5.000,1.11,2
0.3230,259.4,256.0,0.064,5.000,0.98,2
0.3240,260.9,258.3,0.074,5.000,0.86,2
0.3250,262.4,259.4,0.074,5.000,0.73,2
0.3260,264.0,261.7,0.078,5.000,0.62,2
0.3270,265.4,263.1,0.078,5.000,0.51,2
0.3280,266.9,264.6,0.072,5.000,0.40,2
0.3290,268.4,266.4,0.078,5.000,0.29,2
0.3300,269.9,267.6,0.073,5.000,0.18,2
0.3310,271.4,269.0,0.071,5.000,0.07,2
0.3320,272.9,271.6,0.085,5.000,-0.02,2
0.3330,274.4,271.7,0.066,5.000,-0.12,2
0.3340,275.9,273.7,0.074,5.000,-0.22,2
0.3350,277.4,275.5,0.074,5.000,-0.32,2
0.3360,278.9,276.2,0.067,5.000,-0.41,2
0.3370,280.4,278.1,0.073,5.000,-0.50,2
0.3380,282.0,279.8,0.073,5.000,-0.59,2
0.3390,283.5,281.4,0.070,5.000,-0.67,2
0.3400,285.0,283.3,0.072,5.000,-0.74,2
0.3410,286.5,285.2,0.077,5.000,-0.81,2
0.3420,288.0,286.5,0.077,5.000,-0.88,2
0.3430,289.5,288.1,0.074,5.000,-0.95,2
0.3440,291.0,289.4,0.069,5.000,-1.01,2
0.3450,292.4,291.0,0.072,5.000,-1.08,2
0.3460,294.0,292.0,0.074,5.000,-1.14,2
0.3470,295.5,294.5,0.077,5.000,-1.19,2
0.3480,297.0,295.1,0.059,5.000,-1.24,2
0.3490,298.5,296.7,0.063,5.000,-1.29,2
0.3500,299.9,298.5,0.067,5.000,-1.35,2
0.3510,301.5,300.4,0.079,5.000,-1.40,2
0.3520,302.9,301.3,0.072,5.000,-1.45,2
0.3530,304.4,303.2,0.076,5.000,-1.50,2
0.3540,306.0,304.4,0.070,5.000,-1.54,2
0.3550,307.5,306.9,0.074,5.000,-1.57,2
0.3560,309.0,308.1,0.072,5.000,-1.61,2
0.3570,310.5,309.9,0.079,5.000,-1.65,2
0.3580,312.0,311.5,0.078,5.000,-1.69,2
0.3590,313.6,313.3,0.079,5.000,-1.71,2
0.3600,315.1,314.1,0.067,5.000,-1.73,2
0.3610,316.6,316.3,0.067,5.000,-1.75,2
0.3620,318.0,316.7,0.064,5.000,-1.78,2
0.3630,319.5,319.5,0.083,5.000,-1.80,2
0.3640,321.0,321.5,0.081,5.000,-1.82,2
0.3650,322.6,322.5,0.072,5.000,-1.83,2
0.3660,324.1,323.9,0.072,5.000,-1.84,2
0.3670,325.5,324.5,0.068,5.000,-1.87,2
0.3680,327.0,326.4,0.074,5.000,-1.89,2
0.3690,328.5,328.5,0.076,5.000,-1.91,2
0.3700,330.0,329.8,0.078,5.000,-1.92,2
0.3710,331.5,330.5,0.066,5.000,-1.94,2
0.3720,333.0,332.3,0.067,5.000,-1.96,2
0.3730,334.5,333.9,0.072,5.000,-1.97,2
0.3740,336.0,335.6,0.076,5.000,-1.99,2
0.3750,337.6,337.5,0.076,5.000,-1.99,2
0.3760,339.1,338.4,0.069,5.000,-2.00,2
0.3770,340.5,340.3,0.074,5.000,-2.02,2
0.3780,342.0,342.1,0.076,5.000,-2.03,2
0.3790,343.5,343.4,0.077,5.000,-2.05,2
0.3800,345.0,344.5,0.070,5.000,-2.06,2
0.3810,346.5,346.2,0.075,5.000,-2.07,2
0.3820,348.0,347.9,0.074,5.000,-2.07,2
0.3830,349.6,350.1,0.081,5.000,-2.07,2
0.3840,351.2,351.4,0.078,5.000,-2.07,2
0.3850,352.6,352.6,0.072,5.000,-2.06,2
0.3860,354.1,354.0,0.075,5.000,-2.06,2
0.3870,355.5,354.5,0.058,5.000,-2.07,2
0.3880,356.9,356.4,0.068,5.000,-2.09,2
0.3890,358.5,358.1,0.073,5.000,-2.10,2
0.3900,360.0,360.4,0.089,5.000,-2.10,2
0.3910,361.5,361.9,0.077,5.000,-2.10,2
0.3920,363.1,363.4,0.080,5.000,-2.10,2
0.3930,364.6,364.6,0.075,5.000,-2.10,2
0.3940,366.0,365.5,0.067,5.000,-2.11,2
0.3950,367.6,368.1,0.080,5.000,-2.10,2
0.3960,369.1,368.7,0.068,5.000,-2.10,2
0.3970,370.5,370.3,0.074,5.000,-2.10,2
0.3980,372.1,372.2,0.078,5.000,-2.10,2
0.3990,373.6,373.3,0.071,5.000,-2.09,2
0.4000,375.1,375.2,0.074,5.000,-2.08,2
0.4010,376.6,376.9,0.075,5.000,-2.07,2
0.4020,378.1,378.0,0.068,5.000,-2.06,2
0.4030,379.6,379.2,0.069,5.000,-2.06,2
0.4040,381.1,381.2,0.076,5.000,-2.05,2
0.4050,382.6,382.4,0.069,5.000,-2.04,2
0.4060,384.1,384.0,0.074,5.000,-2.03,2
0.4070,385.6,385.3,0.067,5.000,-2.03,2
0.4080,387.1,387.2,0.070,5.000,-2.02,2
0.4090,388.6,388.3,0.067,5.000,-2.01,2
0.4100,390.0,390.1,0.071,5.000,-2.01,2
0.4110,391.6,392.7,0.087,5.000,-2.00,2
0.4120,393.1,393.8,0.079,5.000,-1.99,2
0.4130,394.6,394.5,0.068,5.000,-1.98,2
0.4140,396.1,396.5,0.077,5.000,-1.97,2
0.4150,397.7,397.9,0.077,5.000,-1.95,2
0.4160,399.2,399.8,0.076,5.000,-1.94,2
0.4170,400.6,400.9,0.073,5.000,-1.92,2
0.4180,402.1,402.2,0.071,5.000,-1.91,2
0.4190,403.6,403.5,0.070,5.000,-1.89,2
0.4200,405.0,404.5,0.063,5.000,-1.90,2
0.4210,406.5,406.2,0.070,5.000,-1.90,2
0.4220,407.9,408.0,0.075,5.000,-1.91,2
0.4230,409.5,409.4,0.075,5.000,-1.91,2
0.4240,411.1,411.4,0.082,5.000,-1.91,2
0.4250,412.6,412.7,0.076,5.000,-1.91,2
0.4260,414.1,414.1,0.077,5.000,-1.90,2
0.4270,415.7,415.7,0.074,5.000,-1.89,2
0.4280,417.2,417.4,0.077,5.000,-1.88,2
0.4290,418.5,418.9,0.075,5.000,-1.87,2
0.4300,420.0,420.4,0.084,5.000,-1.88,2
0.4310,421.6,422.2,0.078,5.000,-1.87,2
0.4320,423.1,423.8,0.074,5.000,-1.87,2
0.4330,424.6,424.1,0.069,5.000,-1.86,2
0.4340,426.0,425.6,0.076,5.000,-1.87,2
0.4350,427.6,427.5,0.070,5.000,-1.86,2
0.4360,429.1,429.2,0.075,5.000,-1.85,2
0.4370,430.6,430.3,0.072,5.000,-1.85,2
0.4380,432.1,432.6,0.083,5.000,-1.83,2
0.4390,433.7,434.7,0.081,5.000,-1.82,2
0.4400,435.2,436.0,0.078,5.000,-1.79,2
0.4410,436.7,437.2,0.067,5.000,-1.77,2
0.4420,438.2,438.3,0.074,5.000,-1.76,2
0.4430,439.6,439.9,0.078,5.000,-1.75,2
0.4440,441.1,441.3,0.073,5.000,-1.74,2
0.4450,442.5,442.4,0.071,5.000,-1.75,2
0.4460,444.1,444.4,0.078,5.000,-1.74,2
0.4470,445.6,445.5,0.075,5.000,-1.73,2
0.4480,447.1,447.7,0.075,5.000,-1.72,2
0.4490,448.6,449.1,0.080,5.000,-1.71,2
0.4500,450.2,450.6,0.081,5.000,-1.70,2
0.4510,451.7,452.0,0.073,5.000,-1.68,2
0.4520,453.1,452.5,0.066,5.000,-1.68,2
0.4530,454.6,455.4,0.079,5.000,-1.66,2
0.4540,456.1,455.7,0.073,5.000,-1.66,2
0.4550,457.6,458.3,0.084,5.000,-1.65,2
0.4560,459.1,459.0,0.075,5.000,-1.64,2
0.4570,460.6,460.8,0.075,5.000,-1.64,2
0.4580,462.1,462.1,0.071,5.000,-1.64,2
0.4590,463.5,462.6,0.066,5.000,-1.65,2
0.4600,464.9,464.6,0.077,5.000,-1.67,2
0.4610,466.5,466.9,0.080,5.000,-1.67,2
0.4620,468.0,468.1,0.083,5.000,-1.68,2
0.4630,469.5,468.9,0.073,5.000,-1.68,2
0.4640,471.0,471.3,0.079,5.000,-1.68,2
0.4650,472.6,472.7,0.078,5.000,-1.68,2
0.4660,474.1,474.0,0.074,5.000,-1.68,2
0.4670,475.6,476.3,0.087,5.000,-1.67,2
0.4680,477.2,478.1,0.077,5.000,-1.66,2
0.4690,478.7,478.8,0.078,5.000,-1.64,2
0.4700,480.0,479.8,0.072,5.000,-1.65,2
0.4710,481.6,480.7,0.068,5.000,-1.65,2
0.4720,483.1,482.8,0.070,5.000,-1.64,2
0.4730,484.6,484.8,0.079,5.000,-1.64,2
0.4740,486.1,486.3,0.080,5.000,-1.63,2
0.4750,487.6,487.6,0.075,5.000,-1.63,2
0.4760,489.1,489.7,0.081,5.000,-1.62,2
0.4770,490.6,490.1,0.067,5.000,-1.62,2
0.4780,492.0,491.8,0.075,5.000,-1.63,2
0.4790,493.5,492.5,0.069,5.000,-1.63,2
0.4800,495.1,495.4,0.086,5.000,-1.63,2
0.4810,496.6,497.0,0.084,5.000,-1.62,2
0.4820,498.1,498.0,0.075,5.000,-1.62,2
0.4830,499.6,499.5,0.075,5.000,-1.62,2
0.4840,501.2,501.1,0.079,5.000,-1.61,2
0.4850,502.7,502.8,0.081,5.000,-1.60,2
0.4860,504.2,503.2,0.064,5.000,-1.59,2
0.4870,505.6,505.7,0.073,5.000,-1.59,2
0.4880,507.1,506.6,0.069,5.000,-1.59,2
0.4890,508.6,509.1,0.080,5.000,-1.58,2
0.4900,510.1,510.6,0.084,5.000,-1.57,2
0.4910,511.6,511.7,0.077,5.000,-1.57,2
0.4920,513.1,513.2,0.078,5.000,-1.56,2
0.4930,514.6,514.7,0.076,5.000,-1.56,2
0.4940,516.2,516.6,0.077,5.000,-1.55,2
0.4950,517.7,517.3,0.071,5.000,-1.53,2
0.4960,519.2,519.4,0.076,5.000,-1.52,2
0.4970,520.6,520.8,0.085,5.000,-1.52,2
0.4980,522.1,522.7,0.085,5.000,-1.52,2
0.4990,523.7,523.3,0.072,5.000,-1.51,2
0.5000,525.2,525.5,0.080,5.000,-1.50,2
0.5010,526.6,526.2,0.069,5.000,-1.50,2
0.5020,528.1,527.9,0.083,5.000,-1.49,2
0.5030,529.7,529.5,0.078,5.000,-1.48,2
0.5040,531.2,532.2,0.089,5.000,-1.47,2
0.5050,532.7,533.2,0.081,5.000,-1.45,2
0.5060,534.2,533.8,0.070,5.000,-1.45,2
0.5070,535.6,535.7,0.079,5.000,-1.46,2
0.5080,537.1,537.1,0.076,5.000,-1.46,2
0.5090,538.6,537.9,0.067,5.000,-1.46,2
0.5100,540.0,539.0,0.069,5.000,-1.47,2
0.5110,541.5,541.0,0.075,5.000,-1.48,2
0.5120,543.1,542.3,0.065,5.000,-1.47,2
0.5130,544.5,544.2,0.074,5.000,-1.48,2
0.5140,546.1,546.2,0.077,5.000,-1.47,2
0.5150,547.6,547.4,0.075,5.000,-1.46,2
0.5160,549.1,548.7,0.072,5.000,-1.46,2
0.5170,550.6,550.0,0.077,5.000,-1.46,2
0.5180,552.0,551.6,0.074,5.000,-1.47,2
0.5190,553.6,554.0,0.082,5.000,-1.47,2
0.5200,555.1,555.6,0.078,5.000,-1.46,2
0.5210,556.5,556.0,0.071,5.000,-1.46,2
0.5220,558.1,558.3,0.082,5.000,-1.46,2
0.5230,559.6,559.2,0.076,5.000,-1.45,2
0.5240,561.1,561.0,0.073,5.000,-1.45,2
0.5250,562.5,563.1,0.088,5.000,-1.46,2
0.5260,564.1,563.6,0.074,5.000,-1.46,2
0.5270,565.7,565.8,0.082,5.000,-1.45,2
0.5280,567.1,566.6,0.072,5.000,-1.45,2
0.5290,568.6,568.8,0.081,5.000,-1.45,2
0.5300,570.1,570.3,0.083,5.000,-1.45,2
0.5310,571.6,571.4,0.075,5.000,-1.44,2
0.5320,573.1,572.8,0.070,5.000,-1.44,2
0.5330,574.6,574.6,0.079,5.000,-1.43,2
0.5340,576.1,576.0,0.075,5.000,-1.43,2
0.5350,577.6,578.0,0.083,5.000,-1.42,2
0.5360,579.1,578.8,0.077,5.000,-1.42,2
0.5370,580.6,580.2,0.072,5.000,-1.41,2
0.5380,582.1,582.3,0.081,5.000,-1.42,2
0.5390,583.6,583.7,0.081,5.000,-1.42,2
0.5400,585.2,585.2,0.076,5.000,-1.41,2
0.5410,586.6,587.2,0.084,5.000,-1.41,2
0.5420,588.1,588.8,0.088,5.000,-1.40,2
0.5430,589.7,588.9,0.070,5.000,-1.39,2
0.5440,591.2,591.2,0.077,5.000,-1.38,2
0.5450,592.7,592.9,0.081,5.000,-1.37,2
0.5460,594.2,593.8,0.076,5.000,-1.37,2
0.5470,595.7,595.5,0.073,5.000,-1.37,2
0.5480,597.2,597.5,0.081,5.000,-1.36,2
0.5490,598.7,599.4,0.087,5.000,-1.36,2
0.5500,599.4,600.9,-1.187,0.056,-1.36,3
0.5510,595.9,600.9,0.036,0.110,-1.17,3
0.5520,597.7,601.7,0.123,0.160,-0.97,3
0.5530,600.8,602.9,0.178,0.209,-0.85,3
0.5540,605.1,605.6,0.229,0.251,-0.81,3
0.5550,610.3,609.0,0.266,0.290,-0.85,3
0.5560,616.4,612.9,0.298,0.326,-0.95,3
0.5570,623.5,619.4,0.335,0.350,-1.08,3
0.5580,630.9,626.1,0.351,0.373,-1.25,3
0.5590,639.0,634.9,0.384,0.386,-1.43,3
0.5600,647.4,643.1,0.388,0.401,-1.60,3
0.5610,656.2,651.7,0.397,0.415,-1.77,3
0.5620,665.1,661.2,0.419,0.424,-1.93,3
0.5630,674.5,670.9,0.437,0.431,-2.07,3
0.5640,683.9,680.2,0.430,0.441,-2.19,3
0.5650,693.4,690.2,0.441,0.447,-2.32,3
0.5660,703.2,700.6,0.457,0.452,-2.43,3
0.5670,713.0,710.7,0.452,0.458,-2.52,3
0.5680,723.0,720.5,0.468,0.465,-2.60,3
0.5690,733.3,731.2,0.466,0.467,-2.67,3
0.5700,743.3,742.5,0.488,0.467,-2.73,3
0.5710,753.6,751.7,0.464,0.477,-2.79,3
0.5720,764.1,762.4,0.475,0.480,-2.83,3
0.5730,774.4,773.7,0.490,0.479,-2.89,3
0.5740,784.9,783.8,0.477,0.484,-2.93,3
0.5750,795.4,794.7,0.486,0.485,-2.97,3
0.5760,805.9,805.1,0.488,0.489,-3.00,3
0.5770,816.5,815.7,0.495,0.492,-3.03,3
0.5780,827.1,826.1,0.484,0.495,-3.06,3
0.5790,838.0,837.4,0.499,0.495,-3.07,3
0.5800,848.7,848.1,0.488,0.496,-3.08,3
0.5810,859.5,858.9,0.500,0.498,-3.09,3
0.5820,870.4,869.8,0.499,0.498,-3.10,3
0.5830,881.1,880.5,0.501,0.500,-3.12,3
0.5840,892.1,891.8,0.505,0.498,-3.12,3
0.5850,903.0,902.4,0.496,0.500,-3.13,3
0.5860,913.8,913.1,0.493,0.501,-3.13,3
0.5870,924.6,923.6,0.495,0.504,-3.15,3
0.5880,935.5,935.0,0.508,0.501,-3.16,3
0.5890,946.3,944.9,0.494,0.507,-3.18,3
0.5900,957.0,956.6,0.506,0.502,-3.20,3
0.5910,967.9,968.1,0.509,0.499,-3.21,3
0.5920,978.7,978.5,0.494,0.501,-3.20,3
0.5930,989.4,989.6,0.505,0.500,-3.20,3
0.5940,1000.3,1000.7,0.503,0.498,-3.19,3
0.5950,1011.0,1010.4,0.495,0.504,-3.18,3
0.5960,1021.9,1021.4,0.499,0.503,-3.17,3
0.5970,1032.6,1031.9,0.486,0.504,-3.18,3
0.5980,1043.4,1043.1,0.503,0.502,-3.18,3
0.5990,1054.2,1054.5,0.511,0.499,-3.19,3
0.6000,1064.9,1064.7,0.493,0.501,-3.19,3
0.6010,1075.7,1075.7,0.504,0.500,-3.18,3
0.6020,1086.3,1087.0,0.510,0.497,-3.18,3
0.6030,1097.0,1096.1,0.485,0.505,-3.17,3
0.6040,1107.8,1107.4,0.501,0.501,-3.17,3
0.6050,1118.5,1117.5,0.483,0.505,-3.17,3
0.6060,1129.2,1128.7,0.495,0.502,-3.17,3
0.6070,1139.9,1139.8,0.499,0.499,-3.17,3
0.6080,1150.6,1150.1,0.486,0.501,-3.17,3
0.6090,1161.3,1160.9,0.497,0.500,-3.16,3
0.6100,1171.9,1171.1,0.491,0.502,-3.15,3
0.6110,1182.6,1182.2,0.498,0.499,-3.14,3
0.6120,1193.4,1193.0,0.495,0.498,-3.14,3
0.6130,1203.9,1204.4,0.499,0.493,-3.14,3
0.6140,1214.4,1214.1,0.490,0.498,-3.13,3
0.6150,1225.1,1224.7,0.496,0.497,-3.13,3
0.6160,1235.8,1235.0,0.496,0.499,-3.12,3
0.6170,1246.4,1246.1,0.496,0.495,-3.12,3
0.6180,1256.9,1256.9,0.499,0.494,-3.12,3
0.6190,1267.5,1266.6,0.476,0.497,-3.11,3
0.6200,1278.0,1277.2,0.503,0.497,-3.12,3
0.6210,1288.6,1288.6,0.503,0.492,-3.12,3
0.6220,1299.1,1299.2,0.495,0.491,-3.11,3
0.6230,1309.5,1309.1,0.493,0.494,-3.10,3
0.6240,1320.0,1319.4,0.487,0.495,-3.10,3
0.6250,1330.5,1330.6,0.500,0.490,-3.09,3
0.6260,1340.9,1341.0,0.498,0.490,-3.08,3
0.6270,1351.3,1351.1,0.496,0.492,-3.08,3
0.6280,1361.7,1361.9,0.492,0.490,-3.06,3
0.6290,1372.1,1372.2,0.496,0.490,-3.06,3
0.6300,1382.5,1382.1,0.483,0.493,-3.05,3
0.6310,1392.9,1392.9,0.496,0.491,-3.05,3
0.6320,1403.4,1403.6,0.496,0.489,-3.05,3
0.6330,1413.8,1412.8,0.486,0.494,-3.05,3
0.6340,1424.3,1423.9,0.495,0.491,-3.05,3
0.6350,1434.6,1433.9,0.479,0.492,-3.06,3
0.6360,1445.0,1445.2,0.498,0.487,-3.06,3
0.6370,1455.3,1455.7,0.493,0.486,-3.05,3
0.6380,1465.5,1465.4,0.483,0.489,-3.05,3
0.6390,1475.9,1476.5,0.503,0.485,-3.04,3
0.6400,1486.1,1486.1,0.488,0.489,-3.03,3
0.6410,1496.5,1495.9,0.490,0.492,-3.02,3
0.6420,1506.7,1506.1,0.485,0.492,-3.03,3
0.6430,1517.0,1516.7,0.491,0.490,-3.03,3
0.6440,1527.3,1527.3,0.482,0.489,-3.03,3
0.6450,1537.6,1538.0,0.501,0.487,-3.02,3
0.6460,1547.7,1547.7,0.493,0.489,-3.02,3
0.6470,1558.0,1557.1,0.485,0.494,-3.01,3
0.6480,1568.2,1568.3,0.493,0.489,-3.02,3
0.6490,1578.4,1577.7,0.476,0.493,-3.02,3
0.6500,1588.7,1589.4,0.502,0.486,-3.01,3
0.6510,1598.8,1599.3,0.489,0.488,-3.00,3
0.6520,1609.0,1608.5,0.489,0.493,-3.00,3
0.6530,1619.3,1619.4,0.498,0.490,-3.00,3
0.6540,1629.5,1629.2,0.483,0.492,-3.00,3
0.6550,1639.8,1640.4,0.496,0.487,-3.00,3
0.6560,1650.0,1650.2,0.490,0.489,-2.99,3
0.6570,1660.2,1660.0,0.490,0.491,-2.99,3
0.6580,1670.4,1670.3,0.486,0.490,-2.99,3
0.6590,1680.6,1679.7,0.483,0.495,-2.99,3
0.6600,1690.9,1690.3,0.492,0.493,-3.00,3
0.6610,1701.2,1701.4,0.504,0.488,-3.00,3
0.6620,1711.2,1711.0,0.491,0.491,-3.00,3
0.6630,1721.5,1721.2,0.486,0.491,-3.00,3
0.6640,1731.7,1731.3,0.490,0.492,-2.99,3
0.6650,1742.0,1742.3,0.496,0.487,-2.99,3
0.6660,1752.2,1752.6,0.495,0.487,-2.98,3
0.6670,1762.3,1762.4,0.496,0.489,-2.98,3
0.6680,1772.4,1772.4,0.493,0.489,-2.98,3
0.6690,1782.6,1782.6,0.484,0.489,-2.97,3
0.6700,1792.7,1792.9,0.498,0.489,-2.98,3
0.6710,1803.0,1802.8,0.487,0.490,-2.97,3
0.6720,1813.1,1813.3,0.495,0.488,-2.98,3
0.6730,1823.3,1822.8,0.476,0.492,-2.98,3
0.6740,1833.4,1833.0,0.496,0.491,-2.98,3
0.6750,1843.6,1843.6,0.489,0.489,-2.98,3
0.6760,1853.7,1853.6,0.492,0.489,-2.98,3
0.6770,1863.9,1864.2,0.501,0.487,-2.96,3
0.6780,1873.9,1873.2,0.478,0.493,-2.96,3
0.6790,1884.0,1883.1,0.491,0.494,-2.97,3
0.6800,1894.4,1894.3,0.493,0.489,-2.96,3
0.6810,1904.5,1904.1,0.491,0.491,-2.96,3
0.6820,1914.7,1913.9,0.480,0.493,-2.96,3
0.6830,1924.8,1924.4,0.487,0.490,-2.96,3
0.6840,1934.9,1933.6,0.472,0.496,-2.96,3
0.6850,1945.1,1944.7,0.494,0.491,-2.97,3
0.6860,1955.1,1954.0,0.470,0.495,-2.97,3
0.6870,1965.3,1964.7,0.482,0.492,-2.97,3
0.6880,1975.5,1975.7,0.490,0.487,-2.96,3
0.6890,1985.5,1985.2,0.493,0.491,-2.96,3
0.6900,1995.5,1995.9,0.503,0.487,-2.96,3
0.6910,2005.5,2005.1,0.482,0.492,-2.95,3
0.6920,2015.6,2015.0,0.483,0.493,-2.95,3
0.6930,2025.8,2024.9,0.485,0.495,-2.94,3
0.6940,2035.9,2035.3,0.491,0.493,-2.94,3
0.6950,2045.9,2044.7,0.476,0.497,-2.95,3
0.6960,2056.0,2056.2,0.497,0.489,-2.96,3
0.6970,2065.9,2065.6,0.486,0.493,-2.96,3
0.6980,2076.1,2075.8,0.485,0.493,-2.94,3
0.6990,2086.2,2086.2,0.506,0.491,-2.93,3
0.7000,2096.3,2095.9,0.494,0.493,-2.93,3
0.7010,2106.2,2105.8,0.487,0.494,-2.94,3
0.7020,2116.4,2116.4,0.496,0.492,-2.94,3
0.7030,2126.5,2126.9,0.496,0.489,-2.94,3
0.7040,2136.5,2136.2,0.488,0.493,-2.93,3
0.7050,2146.6,2146.1,0.491,0.494,-2.94,3
0.7060,2156.6,2156.3,0.483,0.494,-2.94,3
0.7070,2166.8,2166.8,0.496,0.492,-2.93,3
0.7080,2176.7,2176.6,0.486,0.493,-2.93,3
0.7090,2186.8,2186.6,0.492,0.494,-2.93,3
0.7100,2196.8,2197.0,0.506,0.492,-2.93,3
0.7110,2206.8,2206.7,0.495,0.494,-2.93,3
0.7120,2217.0,2216.4,0.497,0.496,-2.92,3
0.7130,2227.2,2226.1,0.484,0.498,-2.92,3
0.7140,2237.2,2237.2,0.505,0.493,-2.93,3
0.7150,2247.2,2246.9,0.493,0.495,-2.94,3
0.7160,2257.2,2257.0,0.486,0.495,-2.94,3
0.7170,2267.1,2266.7,0.488,0.497,-2.94,3
0.7180,2277.1,2277.3,0.502,0.494,-2.93,3
0.7190,2287.0,2286.3,0.480,0.499,-2.93,3
0.7200,2297.0,2296.6,0.490,0.498,-2.92,3
0.7210,2307.2,2307.4,0.501,0.495,-2.91,3
0.7220,2317.3,2316.3,0.489,0.501,-2.91,3
0.7230,2327.3,2327.2,0.502,0.496,-2.92,3
0.7240,2337.4,2336.9,0.490,0.498,-2.92,3
0.7250,2347.5,2347.2,0.501,0.497,-2.92,3
0.7260,2357.6,2357.1,0.494,0.498,-2.92,3
0.7270,2367.7,2367.6,0.498,0.496,-2.93,3
0.7280,2377.8,2377.7,0.498,0.496,-2.93,3
0.7290,2387.7,2388.0,0.495,0.495,-2.93,3
0.7300,2397.6,2397.2,0.497,0.499,-2.93,3
0.7310,2407.5,2407.5,0.497,0.498,-2.93,3
0.7320,2417.5,2417.6,0.500,0.498,-2.92,3
0.7330,2427.5,2426.7,0.488,0.503,-2.92,3
0.7340,2437.6,2437.4,0.501,0.500,-2.92,3
0.7350,2447.7,2447.3,0.495,0.501,-2.91,3
0.7360,2457.9,2457.9,0.505,0.498,-2.91,3
0.7370,2467.9,2467.9,0.510,0.498,-2.91,3
0.7380,2477.9,2476.9,0.496,0.504,-2.92,3
0.7390,2488.0,2487.5,0.506,0.501,-2.92,3
0.7400,2498.0,2497.5,0.494,0.501,-2.92,3
0.7410,2508.1,2507.6,0.499,0.501,-2.92,3
0.7420,2518.2,2518.2,0.505,0.498,-2.91,3
0.7430,2528.1,2527.2,0.492,0.504,-2.92,3
0.7440,2538.1,2538.3,0.511,0.498,-2.93,3
0.7450,2548.1,2548.1,0.499,0.500,-2.92,3
0.7460,2558.0,2558.0,0.505,0.500,-2.92,3
0.7470,2567.9,2567.6,0.498,0.503,-2.91,3
0.7480,2577.9,2577.6,0.498,0.503,-2.91,3
0.7490,2587.8,2588.0,0.500,0.501,-2.92,3
0.7500,2597.8,2598.8,0.514,0.497,-2.90,3
0.7510,2607.8,2607.2,0.501,0.506,-2.89,3
0.7520,2618.0,2617.1,0.510,0.507,-2.89,3
0.7530,2628.1,2628.0,0.509,0.503,-2.90,3
0.7540,2638.1,2637.7,0.506,0.505,-2.91,3
0.7550,2648.3,2648.5,0.520,0.501,-2.90,3
0.7560,2658.2,2658.0,0.508,0.504,-2.91,3
0.7570,2668.3,2668.2,0.508,0.503,-2.92,3
0.7580,2678.2,2678.3,0.505,0.503,-2.92,3
0.7590,2688.1,2688.1,0.499,0.504,-2.92,3
0.7600,2698.2,2698.4,0.502,0.502,-2.91,3
0.7610,2708.2,2708.1,0.512,0.504,-2.90,3
0.7620,2718.2,2717.5,0.498,0.508,-2.91,3
0.7630,2728.2,2728.3,0.517,0.504,-2.91,3
0.7640,2738.3,2738.5,0.521,0.503,-2.90,3
0.7650,2748.2,2748.4,0.518,0.504,-2.90,3
0.7660,2758.3,2757.6,0.510,0.508,-2.90,3
0.7670,2768.3,2768.7,0.517,0.503,-2.91,3
0.7680,2778.2,2778.2,0.497,0.506,-2.91,3
0.7690,2788.2,2788.8,0.524,0.503,-2.90,3
0.7700,2798.1,2797.6,0.500,0.510,-2.90,3
0.7710,2808.1,2808.1,0.513,0.507,-2.91,3
0.7720,2818.1,2818.2,0.512,0.507,-2.91,3
0.7730,2828.1,2827.8,0.510,0.510,-2.90,3
0.7740,2838.1,2838.0,0.511,0.509,-2.90,3
0.7750,2848.1,2848.1,0.507,0.508,-2.91,3
0.7760,2858.2,2858.0,0.506,0.510,-2.90,3
0.7770,2868.3,2867.7,0.501,0.511,-2.89,3
0.7780,2878.3,2878.2,0.516,0.509,-2.91,3
0.7790,2888.3,2887.5,0.493,0.513,-2.92,3
0.7800,2898.3,2898.2,0.507,0.509,-2.92,3
0.7810,2908.4,2907.6,0.504,0.513,-2.91,3
0.7820,2918.4,2917.9,0.517,0.512,-2.91,3
0.7830,2928.5,2928.1,0.497,0.511,-2.91,3
0.7840,2938.5,2937.7,0.496,0.514,-2.91,3
0.7850,2948.7,2948.7,0.518,0.508,-2.91,3
0.7860,2958.6,2958.0,0.510,0.512,-2.91,3
0.7870,2968.7,2968.7,0.511,0.509,-2.91,3
0.7880,2978.8,2978.8,0.509,0.509,-2.91,3
0.7890,2988.6,2988.5,0.509,0.511,-2.92,3
0.7900,2998.6,2999.7,0.524,0.500,-2.91,3
0.7910,3008.5,3008.1,0.467,0.455,-2.90,3
0.7920,3017.3,3017.6,0.424,0.403,-2.87,3
0.7930,3025.0,3027.6,0.395,0.348,-2.80,3
0.7940,3031.4,3034.1,0.325,0.310,-2.69,3
0.7950,3036.9,3040.2,0.286,0.274,-2.55,3
0.7960,3041.6,3045.6,0.247,0.241,-2.37,3
0.7970,3045.4,3050.1,0.220,0.212,-2.17,3
0.7980,3048.6,3053.7,0.198,0.188,-1.96,3
0.7990,3051.2,3056.5,0.177,0.167,-1.75,3
0.8000,3053.4,3058.1,0.153,0.153,-1.53,3
0.8010,3055.3,3059.4,0.132,0.140,-1.34,3
0.8020,3056.9,3060.7,0.129,0.126,-1.16,3
0.8030,3058.2,3062.0,0.113,0.113,-0.99,3
0.8040,3059.2,3063.2,0.114,0.100,-0.85,3
0.8050,3059.9,3062.6,0.090,0.097,-0.72,3
0.8060,3060.5,3062.9,0.087,0.089,-0.60,3
0.8070,3060.9,3063.1,0.072,0.081,-0.49,3
0.8080,3061.1,3063.4,0.079,0.073,-0.40,3
0.8090,3061.3,3063.6,0.078,0.065,-0.30,3
0.8100,3061.2,3062.4,0.064,0.065,-0.23,3
0.8110,3061.2,3063.3,0.070,0.054,-0.16,3
0.8120,3060.8,3062.4,0.058,0.052,-0.11,3
0.8130,3060.5,3061.4,0.042,0.051,-0.05,3
0.8140,3060.1,3061.1,0.050,0.046,-0.00,3
0.8150,3059.5,3060.3,0.033,0.044,0.03,3
0.8160,3058.9,3059.5,0.033,0.042,0.07,3
0.8170,3058.2,3059.8,0.050,0.034,0.10,3
0.8180,3057.6,3058.3,0.038,0.035,0.15,3
0.8190,3056.8,3056.8,0.030,0.037,0.17,3
0.8200,3056.2,3057.2,0.042,0.029,0.19,3
0.8210,3055.3,3056.6,0.034,0.027,0.21,3
0.8220,3054.3,3054.9,0.034,0.030,0.22,3
0.8230,3053.5,3054.6,0.039,0.025,0.25,3
0.8240,3052.6,3052.7,0.026,0.030,0.27,3
0.8250,3051.7,3051.9,0.026,0.029,0.27,3
0.8260,3050.8,3051.0,0.027,0.028,0.29,3
0.8270,3049.9,3049.5,0.015,0.031,0.30,3
0.8280,3049.1,3048.5,0.024,0.031,0.30,3
0.8290,3048.2,3048.8,0.038,0.024,0.30,3
0.8300,3047.2,3047.9,0.032,0.024,0.31,3
0.8310,3046.3,3047.0,0.034,0.024,0.32,3
0.8320,3045.4,3044.8,0.028,0.030,0.32,3
0.8330,3044.5,3044.7,0.029,0.026,0.31,3
0.8340,3043.5,3043.1,0.017,0.030,0.32,3
0.8350,3042.7,3042.8,0.043,0.027,0.32,3
0.8360,3041.8,3041.3,0.021,0.031,0.32,3
0.8370,3040.9,3041.0,0.037,0.028,0.32,3
0.8380,3040.1,3040.6,0.032,0.026,0.33,3
0.8390,3039.2,3039.7,0.045,0.027,0.33,3
0.8400,3038.3,3038.2,0.024,0.030,0.32,3
0.8410,3037.5,3037.2,0.035,0.032,0.32,3
0.8420,3036.7,3036.1,0.019,0.034,0.32,3
0.8430,3035.9,3035.2,0.020,0.035,0.30,3
0.8440,3035.1,3034.8,0.028,0.033,0.30,3
0.8450,3034.4,3034.4,0.030,0.032,0.30,3
0.8460,3033.7,3033.3,0.035,0.034,0.30,3
0.8470,3033.1,3032.6,0.038,0.034,0.30,3
0.8480,3032.3,3032.0,0.028,0.034,0.28,3
0.8490,3031.5,3030.6,0.012,0.038,0.27,3
0.8500,3030.8,3031.1,0.044,0.032,0.27,3
0.8510,3030.0,3030.4,0.035,0.033,0.28,3
0.8520,3029.3,3028.1,0.015,0.042,0.28,3
0.8530,3028.7,3028.7,0.041,0.036,0.27,3
0.8540,3027.9,3028.3,0.041,0.035,0.27,3
0.8550,3027.2,3027.3,0.031,0.037,0.27,3
0.8560,3026.5,3026.5,0.038,0.038,0.27,3
0.8570,3025.9,3025.1,0.033,0.043,0.27,3
0.8580,3025.3,3024.9,0.036,0.042,0.26,3
0.8590,3024.9,3024.0,0.038,0.044,0.26,3
0.8600,3024.4,3024.5,0.052,0.039,0.25,3
0.8610,3023.7,3023.5,0.041,0.042,0.24,3
0.8620,3023.1,3022.7,0.035,0.043,0.23,3
0.8630,3022.5,3022.4,0.043,0.042,0.23,3
0.8640,3022.0,3022.5,0.053,0.040,0.23,3
0.8650,3021.5,3021.3,0.037,0.044,0.24,3
0.8660,3020.9,3020.2,0.040,0.048,0.22,3
0.8670,3020.5,3020.0,0.034,0.046,0.22,3
0.8680,3020.1,3020.4,0.051,0.042,0.22,3
0.8690,3019.6,3018.8,0.039,0.049,0.22,3
0.8700,3019.1,3019.4,0.044,0.043,0.20,3
0.8710,3018.5,3018.1,0.039,0.048,0.20,3
0.8720,3018.1,3018.3,0.054,0.046,0.21,3
0.8730,3017.6,3017.9,0.046,0.046,0.21,3
0.8740,3017.3,3017.2,0.047,0.048,0.21,3
0.8750,3016.8,3017.1,0.051,0.046,0.20,3
0.8760,3016.3,3016.6,0.046,0.047,0.19,3
0.8770,3015.7,3016.2,0.051,0.048,0.19,3
0.8780,3015.3,3015.4,0.053,0.050,0.19,3
0.8790,3014.8,3015.1,0.043,0.050,0.19,3
0.8800,3014.4,3015.3,0.063,0.047,0.19,3
0.8810,3014.0,3013.9,0.048,0.053,0.20,3
0.8820,3013.7,3013.0,0.048,0.056,0.19,3
0.8830,3013.5,3013.3,0.053,0.053,0.18,3
0.8840,3013.1,3013.5,0.058,0.051,0.17,3
0.8850,3012.7,3012.3,0.050,0.056,0.17,3
0.8860,3012.4,3011.5,0.048,0.059,0.16,3
0.8870,3012.2,3011.6,0.041,0.058,0.15,3
0.8880,3012.0,3012.1,0.064,0.054,0.16,3
0.8890,3011.7,3010.9,0.050,0.058,0.14,3
0.8900,3011.4,3011.0,0.050,0.057,0.14,3
0.8910,3011.2,3011.2,0.059,0.055,0.14,3
0.8920,3011.0,3010.8,0.067,0.056,0.14,3
0.8930,3010.7,3011.0,0.053,0.054,0.14,3
0.8940,3010.4,3010.3,0.050,0.056,0.14,3
0.8950,3010.1,3009.8,0.053,0.057,0.13,3
0.8960,3009.9,3009.7,0.052,0.057,0.13,3
0.8970,3009.7,3010.2,0.070,0.054,0.13,3
0.8980,3009.4,3009.9,0.064,0.054,0.13,3
0.8990,3009.1,3008.9,0.053,0.058,0.14,3
0.9000,3008.8,3009.0,0.056,0.057,0.13,3
0.9010,3008.7,3008.7,0.060,0.057,0.13,3
0.9020,3008.4,3008.6,0.058,0.057,0.13,3
0.9030,3008.2,3008.4,0.064,0.057,0.13,3
0.9040,3007.9,3007.9,0.065,0.059,0.13,3
0.9050,3007.7,3007.3,0.051,0.062,0.12,3
0.9060,3007.5,3007.8,0.063,0.058,0.12,3
0.9070,3007.3,3007.3,0.064,0.060,0.12,3
0.9080,3007.2,3007.2,0.060,0.060,0.12,3
0.9090,3006.9,3006.8,0.062,0.061,0.11,3
0.9100,3006.8,3007.3,0.068,0.058,0.11,3
0.9110,3006.7,3006.7,0.055,0.060,0.12,3
0.9120,3006.6,3006.2,0.059,0.062,0.11,3
0.9130,3006.3,3005.7,0.046,0.064,0.10,3
0.9140,3006.2,3006.4,0.062,0.060,0.10,3
0.9150,3006.1,3006.4,0.061,0.059,0.11,3
0.9160,3005.8,3005.7,0.053,0.062,0.11,3
0.9170,3005.6,3005.6,0.059,0.062,0.10,3
0.9180,3005.6,3005.6,0.062,0.061,0.11,3
0.9190,3005.6,3004.9,0.066,0.065,0.11,3
0.9200,3005.5,3005.7,0.067,0.060,0.10,3
0.9210,3005.4,3005.5,0.062,0.060,0.09,3
0.9220,3005.2,3005.0,0.051,0.063,0.08,3
0.9230,3005.1,3005.2,0.053,0.061,0.09,3
0.9240,3004.9,3005.5,0.074,0.059,0.09,3
0.9250,3004.8,3004.3,0.052,0.064,0.10,3
0.9260,3004.7,3004.9,0.065,0.061,0.09,3
0.9270,3004.6,3003.7,0.045,0.067,0.09,3
0.9280,3004.6,3004.3,0.062,0.063,0.09,3
0.9290,3004.6,3005.0,0.068,0.059,0.09,3
0.9300,3004.4,3003.9,0.055,0.064,0.09,3
0.9310,3004.3,3003.8,0.059,0.065,0.09,3
0.9320,3004.3,3004.7,0.067,0.059,0.09,3
0.9330,3003.9,3004.3,0.065,0.061,0.07,3
0.9340,3003.8,3004.2,0.063,0.061,0.08,3
0.9350,3003.7,3003.7,0.059,0.063,0.10,3
0.9360,3003.7,3002.9,0.059,0.067,0.09,3
0.9370,3003.7,3003.3,0.061,0.065,0.09,3
0.9380,3003.6,3003.6,0.075,0.063,0.09,3
0.9390,3003.5,3002.9,0.056,0.066,0.09,3
0.9400,3003.5,3003.0,0.059,0.065,0.08,3
0.9410,3003.4,3003.4,0.054,0.063,0.07,3
0.9420,3003.4,3003.7,0.061,0.061,0.08,3
0.9430,3003.1,3003.5,0.072,0.062,0.07,3
0.9440,3003.0,3003.5,0.066,0.061,0.08,3
0.9450,3002.9,3003.4,0.071,0.061,0.08,3
0.9460,3002.7,3002.6,0.060,0.065,0.08,3
0.9470,3002.6,3002.2,0.054,0.067,0.08,3
0.9480,3002.7,3002.6,0.066,0.065,0.10,3
0.9490,3002.8,3002.4,0.069,0.066,0.09,3
0.9500,3002.7,3002.4,0.061,0.065,0.07,3
0.9510,3002.7,3003.2,0.072,0.061,0.07,3
0.9520,3002.4,3002.5,0.061,0.064,0.07,3
0.9530,3002.4,3002.4,0.062,0.064,0.07,3
0.9540,3002.4,3003.0,0.076,0.061,0.08,3
0.9550,3002.2,3001.5,0.049,0.069,0.08,3
0.9560,3002.2,3002.6,0.074,0.062,0.08,3
0.9570,3001.9,3002.1,0.059,0.065,0.07,3
0.9580,3001.9,3001.6,0.057,0.067,0.08,3
0.9590,3001.9,3001.8,0.072,0.066,0.07,3
0.9600,3002.0,3001.6,0.064,0.067,0.08,3
0.9610,3001.9,3001.6,0.065,0.067,0.07,3
0.9620,3001.9,3002.2,0.068,0.064,0.07,3
0.9630,3001.9,3002.4,0.077,0.063,0.07,3
0.9640,3001.7,3001.9,0.065,0.065,0.07,3
0.9650,3001.6,3001.3,0.062,0.068,0.06,3
0.9660,3001.6,3002.1,0.065,0.063,0.07,3
0.9670,3001.5,3002.2,0.074,0.063,0.07,3
0.9680,3001.4,3001.9,0.076,0.064,0.07,3
0.9690,3001.3,3002.0,0.073,0.063,0.08,3
0.9700,3001.3,3001.7,0.074,0.065,0.08,3
0.9710,3001.2,3000.9,0.050,0.069,0.07,3
0.9720,3001.1,3001.6,0.077,0.065,0.07,3
0.9730,3001.0,3001.0,0.069,0.068,0.07,3
0.9740,3001.0,3000.7,0.062,0.070,0.07,3
0.9750,3001.1,3001.5,0.070,0.065,0.07,3
0.9760,3001.1,3000.4,0.057,0.071,0.07,3
0.9770,3001.1,3001.1,0.068,0.067,0.07,3
0.9780,3001.2,3001.4,0.076,0.066,0.07,3
0.9790,3001.1,3001.6,0.074,0.064,0.06,3
0.9800,3001.1,3000.7,0.052,0.069,0.06,3
0.9810,3001.2,3001.4,0.061,0.065,0.06,3
0.9820,3001.2,3001.7,0.073,0.063,0.06,3
0.9830,3001.0,3000.7,0.061,0.068,0.05,3
0.9840,3001.1,3001.1,0.059,0.066,0.05,3
0.9850,3001.1,3001.1,0.069,0.066,0.06,3
0.9860,3001.0,3000.2,0.063,0.071,0.05,3
0.9870,3001.0,3001.6,0.073,0.063,0.05,3
0.9880,3001.0,3001.4,0.076,0.064,0.06,3
0.9890,3000.9,3000.0,0.052,0.072,0.06,3
0.9900,3001.0,3000.6,0.079,0.068,0.06,3
0.9910,3001.1,3001.6,0.074,0.063,0.06,3
0.9920,3001.1,3000.4,0.055,0.069,0.06,3
0.9930,3001.2,3001.6,0.077,0.063,0.06,3
0.9940,3001.1,3001.5,0.069,0.063,0.06,3
0.9950,3001.1,3001.0,0.064,0.066,0.06,3
0.9960,3001.1,3001.8,0.067,0.061,0.06,3
0.9970,3000.9,3000.7,0.058,0.067,0.06,3
0.9980,3001.0,3001.2,0.070,0.064,0.06,3
0.9990,3000.8,3001.0,0.070,0.065,0.06,3
1.0000,3000.7,3000.7,0.064,0.067,0.06,3
1.0010,3000.8,3000.1,0.055,0.069,0.07,3
1.0020,3000.8,3000.4,0.064,0.068,0.06,3
1.0030,3000.9,3000.1,0.061,0.070,0.06,3
1.0040,3000.9,3000.9,0.067,0.065,0.06,3
1.0050,3000.9,3000.7,0.072,0.066,0.05,3
1.0060,3000.9,3001.6,0.071,0.061,0.06,3
1.0070,3000.8,3000.1,0.053,0.069,0.06,3
1.0080,3000.9,3000.7,0.060,0.066,0.06,3
1.0090,3000.8,3001.1,0.066,0.064,0.05,3
1.0100,3000.7,3000.2,0.050,0.068,0.06,3
1.0110,3000.8,3001.3,0.083,0.063,0.06,3
1.0120,3000.7,3000.4,0.064,0.067,0.06,3
1.0130,3000.6,3000.0,0.059,0.069,0.05,3
1.0140,3000.6,3000.0,0.047,0.069,0.05,3
1.0150,3000.6,3000.6,0.067,0.066,0.06,3
1.0160,3000.5,3000.7,0.072,0.065,0.06,3
1.0170,3000.5,3001.4,0.074,0.062,0.06,3
1.0180,3000.4,3000.7,0.067,0.066,0.07,3
1.0190,3000.4,3000.3,0.066,0.067,0.07,3
1.0200,3000.4,3000.1,0.064,0.069,0.07,3
1.0210,3000.5,3000.7,0.071,0.065,0.07,3
1.0220,3000.5,3000.1,0.064,0.068,0.06,3
1.0230,3000.6,3000.5,0.071,0.066,0.06,3
1.0240,3000.6,3000.9,0.067,0.064,0.06,3
1.0250,3000.6,3000.3,0.059,0.067,0.06,3
1.0260,3000.6,2999.7,0.057,0.070,0.05,3
1.0270,3000.6,3000.4,0.062,0.067,0.04,3
1.0280,3000.5,3000.6,0.064,0.066,0.05,3
1.0290,3000.5,3000.7,0.065,0.065,0.05,3
1.0300,3000.5,3000.8,0.058,0.064,0.06,3
1.0310,3000.4,2999.8,0.055,0.070,0.06,3
1.0320,3000.3,3000.1,0.065,0.068,0.05,3
1.0330,3000.2,3000.4,0.063,0.066,0.05,3
1.0340,3000.1,3000.5,0.065,0.066,0.05,3
1.0350,3000.0,3000.8,0.077,0.064,0.07,3
1.0360,2999.9,2999.9,0.069,0.069,0.07,3
1.0370,3000.0,3000.7,0.078,0.064,0.08,3
1.0380,2999.9,2999.5,0.061,0.071,0.07,3
1.0390,3000.1,3000.2,0.066,0.067,0.07,3
1.0400,3000.0,2999.4,0.057,0.072,0.06,3
1.0410,3000.0,3000.0,0.068,0.068,0.05,3
1.0420,3000.2,2999.9,0.062,0.069,0.07,3
1.0430,3000.3,2999.2,0.063,0.073,0.06,3
1.0440,3000.3,3000.8,0.077,0.064,0.04,3
1.0450,3000.4,3001.0,0.077,0.063,0.05,3
1.0460,3000.3,3000.0,0.063,0.068,0.05,3
1.0470,3000.2,3000.2,0.063,0.067,0.04,3
1.0480,3000.2,3000.3,0.063,0.066,0.05,3
1.0490,3000.2,3000.1,0.069,0.067,0.06,3
1.0500,3000.3,2999.7,0.055,0.070,0.06,3
1.0510,3000.3,3000.6,0.066,0.065,0.05,3
1.0520,3000.3,3000.8,0.072,0.064,0.05,3
1.0530,3000.3,3000.5,0.067,0.065,0.06,3
1.0540,3000.2,2999.5,0.051,0.071,0.05,3
1.0550,3000.3,3000.8,0.072,0.064,0.05,3
1.0560,3000.2,3000.7,0.077,0.064,0.06,3
1.0570,3000.2,2999.4,0.051,0.071,0.05,3
1.0580,3000.2,3000.5,0.075,0.065,0.05,3
1.0590,3000.1,3000.8,0.071,0.064,0.05,3
1.0600,3000.1,3000.2,0.060,0.067,0.06,3
1.0610,3000.1,3000.6,0.078,0.064,0.06,3
1.0620,3000.0,3000.1,0.062,0.067,0.06,3
1.0630,3000.0,3000.7,0.076,0.064,0.07,3
1.0640,3000.0,2999.8,0.061,0.069,0.07,3
1.0650,3000.0,3000.3,0.072,0.066,0.07,3
1.0660,3000.1,2999.9,0.065,0.068,0.06,3
1.0670,3000.2,3000.2,0.070,0.067,0.07,3
1.0680,3000.1,2999.4,0.051,0.071,0.05,3
1.0690,3000.2,3001.1,0.083,0.062,0.05,3
1.0700,3000.2,3000.5,0.060,0.065,0.06,3
1.0710,3000.2,3000.4,0.070,0.065,0.05,3
1.0720,3000.2,2999.8,0.059,0.068,0.06,3
1.0730,3000.3,3001.1,0.071,0.062,0.05,3
1.0740,3000.2,3000.0,0.067,0.067,0.05,3
1.0750,3000.2,3000.5,0.075,0.065,0.05,3
1.0760,3000.2,3000.6,0.066,0.064,0.06,3
1.0770,3000.1,3000.3,0.057,0.066,0.06,3
1.0780,3000.0,3000.2,0.063,0.066,0.05,3
1.0790,2999.8,3000.5,0.072,0.064,0.05,3
1.0800,2999.7,3000.9,0.076,0.062,0.07,3
1.0810,2999.6,2999.7,0.062,0.069,0.07,3
1.0820,2999.7,2999.7,0.070,0.069,0.07,3
1.0830,2999.6,3000.6,0.086,0.064,0.07,3
1.0840,2999.6,2999.8,0.070,0.068,0.07,3
1.0850,2999.6,2999.6,0.061,0.069,0.06,3
1.0860,2999.6,2999.5,0.071,0.070,0.06,3
1.0870,2999.7,2999.9,0.067,0.068,0.06,3
1.0880,2999.7,2999.6,0.073,0.069,0.06,3
1.0890,2999.7,3000.1,0.068,0.067,0.06,3
1.0900,2999.7,2999.9,0.070,0.068,0.06,3
1.0910,2999.8,2999.2,0.066,0.071,0.05,3
1.0920,2999.9,3000.1,0.076,0.067,0.05,3
1.0930,2999.7,2999.7,0.070,0.069,0.05,3
1.0940,2999.8,3000.4,0.074,0.065,0.05,3
1.0950,2999.7,2999.8,0.070,0.068,0.06,3
1.0960,2999.8,2999.6,0.073,0.070,0.05,3
1.0970,2999.9,2999.9,0.073,0.068,0.05,3
1.0980,2999.9,2999.8,0.061,0.069,0.05,3
1.0990,3000.0,3000.6,0.072,0.064,0.05,3
1.1000,2999.9,2999.3,0.060,0.071,0.05,3
1.1010,3000.1,3000.3,0.077,0.066,0.05,3
1.1020,3000.1,3000.0,0.070,0.067,0.05,3
1.1030,3000.1,3000.5,0.070,0.064,0.05,3
1.1040,3000.0,2999.8,0.064,0.069,0.05,3
1.1050,3000.1,3000.0,0.075,0.067,0.05,3
1.1060,3000.1,2999.8,0.071,0.068,0.06,3
1.1070,3000.2,3000.1,0.063,0.067,0.05,3
1.1080,3000.2,2999.5,0.054,0.070,0.05,3
1.1090,3000.3,3000.1,0.055,0.067,0.05,3
1.1100,3000.3,3000.5,0.069,0.065,0.04,3
1.1110,3000.3,3000.7,0.069,0.064,0.05,3
1.1120,3000.2,3000.3,0.064,0.066,0.04,3
1.1130,3000.2,2999.8,0.064,0.068,0.05,3
1.1140,3000.3,3001.0,0.074,0.062,0.06,3
1.1150,3000.3,2999.9,0.057,0.068,0.06,3
1.1160,3000.2,3000.2,0.071,0.066,0.05,3
1.1170,3000.3,3000.0,0.057,0.067,0.05,3
1.1180,3000.2,3000.7,0.080,0.063,0.05,3
1.1190,3000.1,3000.7,0.067,0.063,0.06,3
1.1200,3000.1,3000.4,0.077,0.065,0.06,3
1.1210,3000.1,3000.2,0.071,0.066,0.07,3
1.1220,3000.0,2999.6,0.073,0.069,0.06,3
1.1230,3000.2,3001.0,0.079,0.061,0.07,3
1.1240,3000.1,2999.9,0.066,0.068,0.07,3
1.1250,3000.0,2999.6,0.056,0.069,0.04,3
1.1260,3000.0,3001.0,0.079,0.062,0.06,3
1.1270,2999.9,3000.5,0.077,0.064,0.06,3
1.1280,2999.8,2999.9,0.065,0.068,0.06,3
1.1290,2999.9,3000.1,0.071,0.066,0.07,3
1.1300,3000.0,3000.3,0.085,0.065,0.07,3
1.1310,3000.0,2999.3,0.061,0.071,0.06,3
1.1320,3000.1,3000.0,0.067,0.067,0.05,3
1.1330,3000.0,2999.8,0.060,0.068,0.05,3
1.1340,3000.0,3000.5,0.071,0.064,0.05,3
1.1350,2999.9,3000.4,0.069,0.064,0.05,3
1.1360,2999.9,3000.6,0.073,0.063,0.06,3
1.1370,2999.7,2999.8,0.066,0.068,0.06,3
1.1380,2999.8,2999.5,0.058,0.069,0.07,3
1.1390,2999.9,2999.7,0.069,0.069,0.06,3
1.1400,3000.1,2999.4,0.068,0.070,0.06,3
1.1410,3000.2,2999.7,0.063,0.068,0.05,3
1.1420,3000.3,3000.4,0.074,0.065,0.05,3
1.1430,3000.3,2999.8,0.063,0.068,0.05,3
1.1440,3000.2,3001.1,0.078,0.061,0.04,3
1.1450,3000.2,3000.2,0.065,0.066,0.05,3
1.1460,3000.1,2999.9,0.065,0.067,0.05,3
1.1470,3000.2,2999.9,0.064,0.067,0.05,3
1.1480,3000.2,3000.2,0.068,0.065,0.05,3
1.1490,3000.2,3000.1,0.063,0.066,0.05,3
1.1500,3000.1,2999.5,0.051,0.070,0.05,3
1.1510,3000.1,3000.2,0.074,0.066,0.05,3
1.1520,3000.2,3000.1,0.060,0.066,0.06,3
1.1530,3000.2,3000.2,0.074,0.066,0.06,3
1.1540,3000.2,3000.0,0.070,0.067,0.06,3
1.1550,3000.2,3000.6,0.070,0.063,0.06,3
1.1560,3000.0,3000.3,0.077,0.065,0.05,3
1.1570,3000.0,2999.9,0.055,0.067,0.06,3
1.1580,3000.0,2999.8,0.064,0.068,0.06,3
1.1590,2999.9,2999.5,0.058,0.069,0.06,3
1.1600,3000.0,3000.6,0.079,0.064,0.07,3
1.1610,2999.9,2999.1,0.049,0.071,0.07,3
1.1620,2999.9,2999.4,0.066,0.070,0.05,3
1.1630,2999.8,2999.8,0.060,0.068,0.05,3
1.1640,2999.9,3000.1,0.069,0.066,0.06,3
1.1650,2999.9,3000.3,0.069,0.065,0.06,3
1.1660,3000.0,2998.9,0.055,0.072,0.06,3
1.1670,3000.0,2999.7,0.071,0.068,0.06,3
1.1680,3000.1,2999.4,0.060,0.070,0.06,3
1.1690,3000.2,2999.8,0.062,0.068,0.05,3
1.1700,3000.3,2999.6,0.060,0.069,0.05,3
1.1710,3000.2,3000.8,0.074,0.063,0.04,3
1.1720,3000.1,2999.9,0.058,0.067,0.05,3
1.1730,3000.1,3000.0,0.068,0.067,0.05,3
1.1740,3000.1,2999.4,0.050,0.070,0.05,3
1.1750,3000.2,3000.8,0.070,0.062,0.05,3
1.1760,3000.2,2999.8,0.056,0.068,0.06,3
1.1770,3000.2,3000.7,0.076,0.063,0.05,3
1.1780,3000.2,3000.4,0.071,0.065,0.06,3
1.1790,3000.1,2999.6,0.062,0.069,0.05,3
1.1800,3000.1,3000.1,0.072,0.066,0.05,3
1.1810,3000.1,2999.9,0.058,0.067,0.05,3
1.1820,3000.1,3000.2,0.072,0.066,0.06,3
1.1830,3000.1,3000.4,0.075,0.064,0.06,3
1.1840,3000.1,3000.5,0.072,0.064,0.06,3
1.1850,3000.0,2999.7,0.057,0.068,0.06,3
1.1860,3000.0,2999.9,0.066,0.068,0.06,3
1.1870,3000.0,3000.3,0.064,0.065,0.06,3
1.1880,2999.9,2999.6,0.064,0.069,0.05,3
1.1890,3000.0,3000.6,0.070,0.063,0.06,3
1.1900,2999.9,3000.5,0.079,0.064,0.07,3
1.1910,2999.9,3000.0,0.064,0.067,0.07,3
1.1920,2999.9,3000.0,0.067,0.067,0.06,3
1.1930,2999.9,3000.0,0.070,0.067,0.06,3
1.1940,2999.9,2999.1,0.060,0.072,0.06,3
1.1950,3000.0,3000.2,0.070,0.066,0.06,3
1.1960,3000.0,2999.1,0.061,0.072,0.06,3
1.1970,3000.2,2999.8,0.063,0.068,0.05,3
1.1980,3000.2,3000.1,0.067,0.066,0.05,3
1.1990,3000.2,3000.4,0.079,0.065,0.04,3
1.2000,3000.3,3000.4,0.066,0.065,0.05,3
1.2010,3000.3,3000.2,0.067,0.066,0.05,3
1.2020,3000.3,3000.2,0.056,0.066,0.05,3
1.2030,3000.2,3001.0,0.082,0.061,0.04,3
1.2040,3000.0,3000.1,0.060,0.066,0.05,3
1.2050,2999.9,2999.7,0.055,0.068,0.05,3
1.2060,2999.9,2999.6,0.060,0.069,0.05,3
1.2070,2999.9,3000.1,0.067,0.066,0.07,3
1.2080,2999.9,3000.1,0.076,0.066,0.07,3
1.2090,2999.8,2999.4,0.052,0.070,0.06,3
1.2100,3000.0,2999.4,0.069,0.070,0.07,3
1.2110,3000.0,2999.2,0.055,0.071,0.06,3
1.2120,3000.2,3000.3,0.071,0.065,0.06,3
1.2130,3000.0,2999.9,0.071,0.067,0.05,3
1.2140,3000.0,2999.6,0.061,0.069,0.05,3
1.2150,3000.1,3000.4,0.069,0.065,0.05,3
1.2160,3000.1,2999.9,0.064,0.067,0.05,3
1.2170,3000.1,3000.7,0.087,0.063,0.06,3
1.2180,3000.1,2999.5,0.057,0.069,0.05,3
1.2190,3000.2,2999.8,0.066,0.068,0.05,3
1.2200,3000.2,2999.9,0.060,0.068,0.05,3
1.2210,3000.2,3000.3,0.066,0.065,0.04,3
1.2220,3000.2,3000.6,0.059,0.064,0.05,3
1.2230,3000.2,3001.4,0.088,0.059,0.06,3
1.2240,3000.0,2999.4,0.051,0.070,0.06,3
1.2250,3000.1,3000.2,0.069,0.066,0.06,3
1.2260,3000.0,2999.7,0.060,0.068,0.05,3
1.2270,2999.9,3001.1,0.078,0.061,0.05,3
1.2280,2999.8,2999.8,0.050,0.068,0.06,3
1.2290,2999.8,2999.2,0.058,0.071,0.06,3
1.2300,2999.9,2999.1,0.055,0.071,0.07,3
1.2310,2999.9,2999.6,0.054,0.069,0.06,3
1.2320,2999.9,2999.6,0.059,0.069,0.06,3
1.2330,2999.9,2999.7,0.057,0.069,0.05,3
1.2340,2999.9,2999.5,0.059,0.070,0.05,3
1.2350,2999.9,3000.6,0.073,0.064,0.05,3
1.2360,2999.8,3000.0,0.069,0.067,0.05,3
1.2370,2999.8,2999.4,0.059,0.070,0.05,3
1.2380,2999.9,2999.5,0.066,0.070,0.06,3
1.2390,2999.9,3000.0,0.074,0.067,0.06,3
1.2400,3000.0,2999.2,0.052,0.072,0.06,3
1.2410,3000.1,2999.6,0.067,0.069,0.05,3
1.2420,3000.2,2999.8,0.057,0.068,0.04,3
1.2430,3000.3,2999.9,0.055,0.068,0.05,3
1.2440,3000.3,3000.4,0.074,0.065,0.04,3
1.2450,3000.2,3000.0,0.056,0.067,0.04,3
1.2460,3000.2,2999.9,0.056,0.067,0.04,3
1.2470,3000.2,3001.2,0.077,0.061,0.04,3
1.2480,3000.0,2999.6,0.053,0.069,0.05,3
1.2490,3000.1,3000.4,0.069,0.065,0.06,3
1.2500,3000.1,2999.5,0.057,0.070,0.06,3
1.2510,3000.2,3000.2,0.073,0.066,0.06,3
1.2520,3000.2,3000.3,0.068,0.066,0.06,3
1.2530,3000.3,3000.3,0.062,0.066,0.05,3
1.2540,3000.3,3000.8,0.074,0.063,0.05,3
1.2550,3000.2,3000.3,0.067,0.065,0.06,3
1.2560,3000.3,3000.3,0.069,0.065,0.06,3
1.2570,3000.3,3000.4,0.078,0.065,0.06,3
1.2580,3000.3,3000.1,0.065,0.066,0.05,3
1.2590,3000.2,3000.9,0.074,0.062,0.05,3
1.2600,3000.1,3000.4,0.070,0.064,0.05,3
1.2610,3000.0,3000.7,0.068,0.063,0.05,3
1.2620,2999.9,2999.7,0.055,0.068,0.06,3
1.2630,2999.9,3000.1,0.072,0.066,0.07,3
1.2640,2999.9,2999.9,0.065,0.067,0.07,3
1.2650,2999.9,2999.2,0.057,0.071,0.07,3
1.2660,3000.0,2999.7,0.070,0.068,0.06,3
1.2670,3000.0,3000.2,0.075,0.066,0.06,3
1.2680,3000.1,3000.5,0.077,0.064,0.06,3
1.2690,3000.1,3000.0,0.067,0.067,0.06,3
1.2700,3000.1,2999.6,0.052,0.069,0.05,3
1.2710,3000.1,3000.1,0.069,0.066,0.05,3
1.2720,3000.0,3000.6,0.073,0.064,0.04,3
1.2730,3000.0,3000.8,0.074,0.062,0.06,3
1.2740,3000.0,2999.8,0.057,0.068,0.07,3
1.2750,3000.0,2999.9,0.065,0.067,0.06,3
1.2760,3000.0,2999.9,0.064,0.067,0.06,3
1.2770,3000.0,3000.0,0.070,0.066,0.06,3
1.2780,2999.9,2999.8,0.068,0.068,0.05,3
1.2790,2999.8,2999.4,0.060,0.070,0.05,3
1.2800,2999.9,3000.8,0.074,0.062,0.06,3
1.2810,2999.8,2999.7,0.063,0.068,0.06,3
1.2820,2999.9,2999.9,0.068,0.067,0.07,3
1.2830,2999.9,3000.7,0.085,0.063,0.07,3
1.2840,2999.9,2999.5,0.060,0.069,0.06,3
1.2850,2999.9,3000.0,0.063,0.067,0.06,3
1.2860,3000.0,3000.6,0.071,0.064,0.06,3
1.2870,3000.0,3001.1,0.082,0.061,0.06,3
1.2880,3000.0,2999.8,0.062,0.068,0.06,3
1.2890,3000.0,3000.2,0.073,0.065,0.06,3
1.2900,3000.0,3000.2,0.070,0.065,0.06,3
1.2910,3000.0,3000.4,0.072,0.064,0.05,3
1.2920,2999.9,3000.5,0.065,0.064,0.06,3
1.2930,2999.9,2999.6,0.064,0.069,0.06,3
1.2940,3000.0,3000.0,0.075,0.066,0.06,3
1.2950,2999.8,2999.6,0.060,0.068,0.05,3
1.2960,2999.9,3000.6,0.082,0.063,0.06,3
1.2970,2999.9,3000.2,0.075,0.065,0.07,3
1.2980,2999.8,3000.0,0.072,0.066,0.06,3
1.2990,2999.8,2999.8,0.074,0.067,0.06,3
1.3000,2999.8,3000.3,0.078,0.065,0.06,3
1.3010,2999.9,2999.5,0.066,0.069,0.07,3
1.3020,3000.0,3000.3,0.075,0.065,0.06,3
1.3030,2999.9,2999.6,0.051,0.068,0.05,3
1.3040,2999.9,2999.9,0.066,0.067,0.05,3
1.3050,2999.7,3000.2,0.075,0.065,0.05,3
1.3060,2999.6,3000.1,0.061,0.066,0.05,3
1.3070,2999.6,2999.8,0.064,0.067,0.06,3
1.3080,2999.7,2999.3,0.062,0.070,0.06,3
1.3090,2999.6,2998.8,0.066,0.073,0.05,3
1.3100,2999.7,2999.9,0.063,0.067,0.05,3
1.3110,2999.8,2999.4,0.068,0.070,0.06,3
1.3120,2999.8,3000.2,0.078,0.066,0.06,3
1.3130,2999.9,3000.2,0.072,0.065,0.06,3
1.3140,2999.8,2999.8,0.068,0.068,0.05,3
1.3150,2999.8,3000.1,0.067,0.066,0.05,3
1.3160,2999.9,2999.6,0.061,0.069,0.06,3
1.3170,3000.0,2999.6,0.063,0.069,0.05,3
1.3180,3000.0,3000.3,0.065,0.065,0.04,3
1.3190,3000.0,2999.4,0.060,0.070,0.05,3
1.3200,3000.0,3000.3,0.065,0.065,0.04,3
1.3210,2999.9,2999.7,0.056,0.068,0.04,3
1.3220,2999.8,2999.6,0.057,0.069,0.04,3
1.3230,2999.9,3000.2,0.076,0.066,0.06,3
1.3240,2999.9,2999.2,0.051,0.071,0.06,3
1.3250,2999.9,2999.7,0.064,0.068,0.05,3
1.3260,3000.0,2999.2,0.055,0.071,0.06,3
1.3270,2999.9,2999.2,0.058,0.071,0.05,3
1.3280,3000.0,3000.1,0.062,0.067,0.05,3
1.3290,3000.0,2999.4,0.057,0.070,0.05,3
1.3300,3000.0,3000.2,0.076,0.066,0.05,3
1.3310,3000.0,2999.6,0.066,0.069,0.06,3
1.3320,2999.9,3000.0,0.064,0.067,0.04,3
1.3330,3000.0,3000.2,0.056,0.066,0.05,3
1.3340,3000.0,3000.3,0.071,0.066,0.06,3
1.3350,2999.9,3000.4,0.075,0.065,0.05,3
1.3360,2999.8,3000.1,0.063,0.067,0.06,3
1.3370,2999.8,3000.3,0.081,0.066,0.06,3
1.3380,2999.8,3000.3,0.072,0.065,0.07,3
1.3390,2999.7,2999.7,0.076,0.068,0.06,3
1.3400,2999.8,3000.1,0.070,0.066,0.06,3
1.3410,2999.8,2999.7,0.069,0.068,0.07,3
1.3420,2999.9,2999.3,0.068,0.071,0.06,3
1.3430,2999.9,3000.1,0.076,0.067,0.05,3
1.3440,3000.0,2999.4,0.050,0.070,0.05,3
1.3450,3000.1,3000.0,0.070,0.067,0.05,3
1.3460,3000.1,3000.2,0.066,0.066,0.05,3
1.3470,3000.0,2999.5,0.056,0.070,0.04,3
1.3480,2999.9,3000.4,0.067,0.065,0.04,3
1.3490,2999.9,3000.4,0.070,0.065,0.05,3
1.3500,2999.9,2999.7,0.059,0.069,0.05,3
1.3510,3000.0,3000.2,0.077,0.066,0.06,3
1.3520,3000.1,2999.5,0.059,0.070,0.06,3
1.3530,3000.2,2999.7,0.062,0.069,0.05,3
1.3540,3000.2,3000.5,0.069,0.064,0.05,3
1.3550,3000.3,2999.8,0.053,0.068,0.05,3
1.3560,3000.3,3000.0,0.064,0.067,0.05,3
1.3570,3000.3,2999.8,0.053,0.068,0.04,3
1.3580,3000.3,3000.2,0.063,0.066,0.04,3
1.3590,3000.1,3000.3,0.056,0.066,0.04,3
1.3600,3000.0,2999.5,0.054,0.070,0.05,3
1.3610,3000.0,3000.0,0.065,0.067,0.06,3
1.3620,3000.0,2999.9,0.060,0.068,0.06,3
1.3630,2999.9,2999.9,0.068,0.068,0.06,3
1.3640,3000.0,3000.1,0.064,0.067,0.06,3
1.3650,3000.1,2999.8,0.067,0.068,0.07,3
1.3660,3000.2,2999.4,0.064,0.071,0.06,3
1.3670,3000.2,3000.6,0.067,0.064,0.05,3
1.3680,3000.1,2999.8,0.056,0.068,0.04,3
1.3690,3000.1,3000.2,0.062,0.066,0.05,3
1.3700,3000.1,3000.2,0.066,0.066,0.06,3
1.3710,3000.1,3000.5,0.068,0.064,0.06,3
1.3720,3000.1,2999.8,0.059,0.068,0.06,3
1.3730,3000.1,3000.9,0.076,0.062,0.05,3
1.3740,2999.9,2999.4,0.052,0.070,0.05,3
1.3750,3000.0,3000.4,0.072,0.065,0.06,3
1.3760,2999.9,3000.2,0.072,0.066,0.05,3
1.3770,2999.9,2999.9,0.064,0.068,0.06,3
1.3780,2999.9,3000.3,0.084,0.065,0.07,3
1.3790,3000.1,2999.9,0.071,0.068,0.07,3
1.3800,3000.2,2999.6,0.062,0.069,0.06,3
1.3810,3000.3,2999.9,0.057,0.067,0.05,3
1.3820,3000.3,2999.8,0.064,0.068,0.05,3
1.3830,3000.3,3000.4,0.064,0.065,0.04,3
1.3840,3000.2,3000.4,0.064,0.065,0.04,3
1.3850,3000.3,3000.4,0.064,0.065,0.05,3
1.3860,3000.2,3000.0,0.065,0.067,0.05,3
1.3870,3000.2,2999.5,0.047,0.070,0.05,3
1.3880,3000.2,3000.3,0.071,0.066,0.05,3
1.3890,3000.2,3000.2,0.062,0.066,0.06,3
1.3900,3000.1,3000.7,0.072,0.063,0.06,3
1.3910,3000.0,3000.6,0.073,0.064,0.06,3
1.3920,2999.9,3000.5,0.073,0.064,0.06,3
1.3930,2999.9,2999.9,0.065,0.067,0.07,3
1.3940,3000.0,3000.2,0.076,0.066,0.07,3
1.3950,2999.9,3000.1,0.073,0.066,0.07,3
1.3960,2999.9,2999.8,0.063,0.068,0.07,3
1.3970,3000.0,3000.5,0.071,0.064,0.06,3
1.3980,2999.9,3000.1,0.070,0.066,0.06,3
1.3990,2999.8,3000.1,0.072,0.066,0.06,3
1.4000,2999.8,3000.8,0.074,0.062,0.06,3
1.4010,2999.6,2999.4,0.059,0.070,0.06,3
1.4020,2999.4,2999.1,0.058,0.071,0.06,3
1.4030,2999.5,3000.5,0.082,0.064,0.07,3
1.4040,2999.4,3000.0,0.068,0.067,0.07,3
1.4050,2999.5,2998.8,0.054,0.073,0.07,3
1.4060,2999.6,2998.7,0.065,0.074,0.06,3
1.4070,2999.7,2999.9,0.066,0.068,0.06,3
1.4080,2999.7,3000.0,0.072,0.067,0.05,3
1.4090,2999.7,3000.2,0.071,0.066,0.05,3
1.4100,2999.8,2999.3,0.062,0.071,0.05,3
1.4110,2999.9,2999.4,0.064,0.070,0.05,3
1.4120,3000.0,3000.5,0.073,0.064,0.05,3
1.4130,3000.0,2999.2,0.053,0.071,0.04,3
1.4140,3000.1,2999.9,0.068,0.068,0.04,3
1.4150,3000.2,3000.0,0.062,0.067,0.04,3
1.4160,3000.2,3000.3,0.071,0.066,0.04,3
1.4170,3000.2,3001.2,0.080,0.061,0.04,3
1.4180,3000.2,3000.6,0.065,0.064,0.05,3
1.4190,3000.2,3000.3,0.063,0.066,0.05,3
1.4200,3000.1,2999.0,0.037,0.072,0.04,3
1.4210,3000.2,3000.7,0.078,0.063,0.05,3
1.4220,3000.2,3000.0,0.062,0.067,0.06,3
1.4230,3000.2,3000.1,0.061,0.066,0.05,3
1.4240,3000.2,3000.0,0.068,0.067,0.05,3
1.4250,3000.3,3000.1,0.066,0.066,0.06,3
1.4260,3000.4,3000.4,0.075,0.065,0.06,3
1.4270,3000.4,3000.5,0.082,0.064,0.06,3
1.4280,3000.3,3001.0,0.067,0.062,0.04,3
1.4290,3000.3,3000.6,0.064,0.064,0.06,3
1.4300,3000.2,3000.2,0.064,0.066,0.05,3
1.4310,3000.2,3000.3,0.067,0.065,0.06,3
1.4320,3000.2,2999.7,0.052,0.068,0.05,3
1.4330,3000.2,2999.8,0.066,0.068,0.06,3
1.4340,3000.1,2999.6,0.046,0.069,0.05,3
1.4350,3000.2,3000.4,0.070,0.065,0.06,3
1.4360,3000.2,3000.1,0.069,0.066,0.06,3
1.4370,3000.2,3000.7,0.079,0.063,0.06,3
1.4380,3000.1,3000.0,0.068,0.066,0.06,3
1.4390,3000.2,3000.4,0.069,0.065,0.06,3
1.4400,3000.2,3000.8,0.075,0.063,0.06,3
1.4410,3000.1,3000.3,0.068,0.065,0.06,3
1.4420,3000.0,3000.1,0.070,0.066,0.06,3
1.4430,3000.0,3000.2,0.062,0.066,0.06,3
1.4440,2999.9,2999.9,0.069,0.067,0.06,3
1.4450,2999.8,2999.9,0.069,0.067,0.06,3
1.4460,2999.8,2999.7,0.064,0.068,0.06,3
1.4470,2999.8,3000.0,0.074,0.066,0.07,3
1.4480,2999.8,2999.3,0.058,0.070,0.07,3
1.4490,2999.9,3000.2,0.079,0.066,0.07,3
1.4500,2999.9,3000.3,0.076,0.065,0.07,3
1.4510,2999.9,2999.6,0.059,0.069,0.06,3
1.4520,2999.8,2999.7,0.067,0.068,0.05,3
1.4530,2999.8,2999.1,0.056,0.071,0.05,3
1.4540,3000.0,3000.6,0.076,0.063,0.06,3
1.4550,3000.0,2999.6,0.067,0.069,0.06,3
1.4560,3000.0,2999.5,0.067,0.069,0.05,3
1.4570,3000.1,2999.9,0.064,0.067,0.05,3
1.4580,3000.0,2999.8,0.056,0.068,0.04,3
1.4590,3000.1,3000.3,0.065,0.065,0.05,3
1.4600,2999.9,2999.5,0.056,0.069,0.04,3
1.4610,2999.9,3000.3,0.069,0.065,0.05,3
1.4620,2999.9,3000.4,0.068,0.065,0.06,3
1.4630,2999.9,2999.6,0.062,0.069,0.06,3
1.4640,3000.0,3000.0,0.071,0.067,0.05,3
1.4650,3000.1,2999.7,0.058,0.068,0.06,3
1.4660,3000.1,3000.1,0.077,0.066,0.06,3
1.4670,3000.2,2999.5,0.060,0.069,0.05,3
1.4680,3000.2,3000.5,0.071,0.064,0.05,3
1.4690,3000.1,3000.3,0.062,0.065,0.05,3
1.4700,3000.1,2999.6,0.060,0.069,0.05,3
1.4710,3000.1,2999.8,0.064,0.068,0.05,3
1.4720,3000.1,2999.6,0.061,0.069,0.05,3
1.4730,3000.0,2999.7,0.057,0.068,0.05,3
1.4740,3000.1,3000.7,0.079,0.063,0.05,3
1.4750,3000.1,2999.9,0.060,0.067,0.06,3
1.4760,3000.1,2999.8,0.068,0.068,0.06,3
1.4770,3000.1,3000.8,0.077,0.062,0.06,3
1.4780,3000.0,3000.5,0.069,0.064,0.06,3
1.4790,3000.1,3000.1,0.070,0.066,0.07,3
1.4800,3000.0,3000.0,0.072,0.067,0.06,3
1.4810,2999.9,2999.9,0.059,0.067,0.05,3
1.4820,3000.0,2999.9,0.071,0.067,0.07,3
1.4830,3000.1,3000.1,0.071,0.066,0.07,3
1.4840,3000.1,2999.8,0.067,0.068,0.06,3
1.4850,3000.2,2999.7,0.061,0.068,0.05,3
1.4860,3000.1,2999.9,0.062,0.067,0.05,3
1.4870,3000.1,3000.6,0.072,0.064,0.04,3
1.4880,3000.1,3000.5,0.073,0.064,0.06,3
1.4890,3000.2,2999.7,0.063,0.068,0.06,3
1.4900,3000.2,3000.6,0.076,0.064,0.05,3
1.4910,3000.1,3000.5,0.062,0.064,0.05,3
1.4920,3000.0,3000.1,0.068,0.066,0.06,3
1.4930,3000.1,2999.9,0.070,0.067,0.06,3
1.4940,3000.1,3000.4,0.069,0.064,0.06,3
1.4950,3000.1,2999.9,0.066,0.067,0.06,3
1.4960,3000.1,2999.3,0.057,0.070,0.05,3
1.4970,3000.0,2999.6,0.054,0.069,0.05,3
1.4980,3000.1,3000.1,0.068,0.066,0.06,3
1.4990,3000.0,3000.6,0.074,0.063,0.05,3
1.5000,2999.9,3000.0,0.050,0.067,0.06,3
1.5010,3000.0,3000.0,0.070,0.067,0.06,3
1.5020,3000.0,3000.5,0.066,0.064,0.06,3
1.5030,2999.9,2999.5,0.056,0.069,0.06,3
1.5040,2999.8,2999.5,0.058,0.069,0.06,3
1.5050,2999.8,3000.4,0.066,0.065,0.06,3
1.5060,2999.6,2999.8,0.069,0.067,0.06,3
1.5070,2999.7,3000.2,0.073,0.066,0.07,3
1.5080,2999.7,2999.8,0.074,0.068,0.08,3
1.5090,2999.7,2999.2,0.068,0.071,0.07,3
1.5100,2999.8,3000.3,0.081,0.065,0.06,3
1.5110,2999.8,2999.2,0.059,0.071,0.06,3
1.5120,2999.8,3000.2,0.076,0.065,0.04,3
1.5130,2999.7,3000.5,0.069,0.064,0.05,3
1.5140,2999.8,3000.2,0.076,0.066,0.07,3
1.5150,2999.7,2999.4,0.063,0.070,0.05,3
1.5160,2999.6,3000.3,0.074,0.065,0.05,3
1.5170,2999.7,3000.0,0.066,0.067,0.06,3
1.5180,2999.7,2999.2,0.064,0.071,0.07,3
1.5190,2999.8,2999.6,0.059,0.069,0.05,3
1.5200,2999.8,3000.1,0.063,0.066,0.05,3
1.5210,2999.7,2999.9,0.068,0.067,0.06,3
1.5220,2999.8,3000.2,0.076,0.066,0.06,3
1.5230,2999.7,2999.7,0.064,0.068,0.05,3
1.5240,2999.6,2999.6,0.066,0.069,0.05,3
1.5250,2999.7,3000.0,0.076,0.067,0.06,3
1.5260,2999.6,2998.8,0.065,0.073,0.05,3
1.5270,2999.8,3000.6,0.079,0.064,0.05,3
1.5280,2999.7,2999.8,0.061,0.068,0.06,3
1.5290,2999.7,2999.1,0.060,0.071,0.05,3
1.5300,2999.7,2999.7,0.071,0.069,0.05,3
1.5310,2999.7,3000.1,0.066,0.067,0.05,3
1.5320,2999.7,2999.2,0.065,0.071,0.06,3
1.5330,2999.8,2999.9,0.082,0.068,0.06,3
1.5340,2999.9,3000.1,0.066,0.067,0.06,3
1.5350,3000.0,3000.0,0.065,0.067,0.06,3
1.5360,2999.9,2999.7,0.073,0.068,0.04,3
1.5370,2999.9,2999.6,0.058,0.069,0.04,3
1.5380,2999.9,2999.7,0.063,0.069,0.04,3
1.5390,2999.9,3000.4,0.073,0.065,0.04,3
1.5400,2999.7,3000.4,0.065,0.065,0.04,3
1.5410,2999.8,3000.2,0.070,0.066,0.06,3
1.5420,2999.7,2999.3,0.062,0.071,0.06,3
1.5430,2999.7,3000.5,0.088,0.064,0.06,3
1.5440,2999.7,2999.0,0.049,0.072,0.06,3
1.5450,2999.7,3000.2,0.074,0.066,0.05,3
1.5460,2999.7,3000.2,0.069,0.066,0.05,3
1.5470,2999.7,2999.7,0.065,0.069,0.06,3
1.5480,2999.8,3000.0,0.077,0.067,0.06,3
1.5490,2999.7,2999.0,0.058,0.072,0.05,3
1.5500,2999.8,3000.5,0.081,0.065,0.05,3
1.5510,2999.7,2999.7,0.060,0.069,0.05,3
1.5520,2999.9,2999.8,0.069,0.068,0.06,3
1.5530,2999.9,2999.0,0.053,0.072,0.05,3
1.5540,3000.0,3000.7,0.080,0.064,0.05,3
1.5550,2999.9,2999.6,0.061,0.070,0.05,3
1.5560,2999.9,2999.7,0.069,0.069,0.04,3
1.5570,2999.9,3000.5,0.067,0.065,0.04,3
1.5580,2999.9,2999.6,0.063,0.070,0.05,3
1.5590,3000.0,2999.8,0.073,0.068,0.06,3
1.5600,3000.0,3000.0,0.061,0.067,0.05,3
1.5610,2999.9,2999.6,0.059,0.069,0.04,3
1.5620,2999.9,3000.5,0.063,0.065,0.04,3
1.5630,2999.7,3000.8,0.080,0.063,0.05,3
1.5640,2999.7,2999.3,0.055,0.071,0.06,3
1.5650,2999.8,2999.6,0.071,0.069,0.07,3
1.5660,2999.8,3000.1,0.070,0.067,0.05,3
1.5670,2999.8,3000.2,0.064,0.066,0.06,3
1.5680,2999.8,2999.7,0.073,0.069,0.06,3
1.5690,2999.8,3000.0,0.073,0.068,0.06,3
1.5700,2999.9,2999.7,0.062,0.069,0.06,3
1.5710,3000.0,2999.3,0.060,0.071,0.05,3
1.5720,3000.2,2999.7,0.071,0.069,0.06,3
1.5730,3000.3,2999.5,0.064,0.070,0.05,3
1.5740,3000.2,3000.1,0.072,0.067,0.04,3
1.5750,3000.4,3000.4,0.064,0.065,0.04,3
1.5760,3000.3,3000.0,0.070,0.068,0.03,3
1.5770,3000.4,3000.1,0.068,0.067,0.04,3
1.5780,3000.4,3000.6,0.073,0.064,0.04,3
1.5790,3000.4,3000.6,0.070,0.065,0.04,3
1.5800,3000.3,2999.9,0.055,0.068,0.05,3
1.5810,3000.3,3000.6,0.073,0.064,0.04,3
1.5820,3000.1,3000.3,0.066,0.066,0.05,3
1.5830,3000.1,3000.0,0.054,0.067,0.05,3
1.5840,2999.9,3000.4,0.066,0.065,0.05,3
1.5850,2999.8,2999.5,0.056,0.070,0.06,3
1.5860,2999.9,3000.4,0.072,0.065,0.07,3
1.5870,2999.9,3000.4,0.066,0.065,0.08,3
1.5880,2999.9,3000.3,0.075,0.066,0.07,3
1.5890,2999.9,2999.8,0.061,0.068,0.07,3
1.5900,3000.0,2999.0,0.055,0.073,0.07,3
1.5910,3000.1,2999.4,0.070,0.071,0.06,3
1.5920,3000.1,2999.7,0.062,0.069,0.04,3
1.5930,3000.1,2999.9,0.064,0.068,0.05,3
1.5940,3000.2,3000.3,0.064,0.066,0.05,3
1.5950,3000.2,2999.5,0.059,0.070,0.04,3
1.5960,3000.2,3001.2,0.078,0.061,0.05,3
1.5970,3000.1,3000.3,0.068,0.066,0.05,3
1.5980,3000.2,3000.2,0.075,0.066,0.06,3
1.5990,3000.1,2999.8,0.062,0.068,0.05,3
1.6000,3000.1,2999.8,0.060,0.068,0.05,3
1.6010,3000.1,3000.6,0.071,0.064,0.05,3
1.6020,2999.9,3000.2,0.062,0.066,0.05,3
1.6030,3000.0,2999.7,0.066,0.069,0.06,3
1.6040,3000.0,2999.4,0.060,0.070,0.06,3
1.6050,3000.1,2999.8,0.063,0.068,0.06,3
1.6060,3000.1,2999.8,0.060,0.069,0.05,3
1.6070,3000.1,2999.9,0.065,0.068,0.05,3
1.6080,3000.1,3000.0,0.073,0.068,0.05,3
1.6090,3000.2,2999.8,0.060,0.068,0.05,3
1.6100,3000.2,3001.1,0.078,0.062,0.05,3
1.6110,3000.2,3000.2,0.073,0.066,0.05,3
1.6120,3000.2,3000.0,0.064,0.067,0.05,3
1.6130,3000.1,3000.5,0.056,0.065,0.05,3
1.6140,3000.0,3000.1,0.067,0.066,0.05,3
1.6150,3000.0,2999.7,0.062,0.069,0.06,3
1.6160,3000.1,3000.3,0.071,0.066,0.06,3
1.6170,3000.1,2999.5,0.066,0.070,0.06,3
1.6180,3000.2,2999.7,0.056,0.069,0.06,3
1.6190,3000.2,3000.4,0.070,0.065,0.06,3
1.6200,3000.2,3000.5,0.064,0.065,0.05,3
1.6210,3000.2,3000.1,0.060,0.067,0.05,3
1.6220,3000.1,2999.8,0.062,0.068,0.05,3
1.6230,3000.2,2999.7,0.060,0.069,0.06,3
1.6240,3000.2,3000.6,0.077,0.064,0.06,3
1.6250,3000.2,3000.2,0.067,0.066,0.06,3
1.6260,3000.2,2999.6,0.050,0.069,0.05,3
1.6270,3000.3,3000.7,0.072,0.063,0.05,3
1.6280,3000.1,3000.1,0.061,0.066,0.05,3
1.6290,3000.0,2999.5,0.057,0.070,0.05,3
1.6300,3000.0,2999.9,0.074,0.068,0.06,3
1.6310,2999.9,3000.3,0.072,0.065,0.05,3
1.6320,2999.9,3000.5,0.069,0.064,0.06,3
1.6330,2999.7,2999.5,0.060,0.070,0.06,3
1.6340,2999.7,3000.2,0.064,0.066,0.06,3
1.6350,2999.9,3000.1,0.073,0.067,0.09,3
1.6360,2999.7,2999.9,0.068,0.068,0.07,3
1.6370,2999.8,2999.5,0.062,0.070,0.06,3
1.6380,2999.9,3000.0,0.080,0.067,0.07,3
1.6390,3000.1,2999.9,0.079,0.068,0.07,3
1.6400,3000.1,2999.8,0.071,0.068,0.05,3
1.6410,3000.1,3000.6,0.076,0.064,0.04,3
1.6420,3000.1,2999.7,0.063,0.069,0.05,3
1.6430,3000.1,3000.1,0.070,0.066,0.04,3
1.6440,3000.0,2999.8,0.060,0.068,0.04,3
1.6450,3000.1,3000.5,0.068,0.065,0.05,3
1.6460,3000.1,2999.9,0.071,0.067,0.05,3
1.6470,3000.1,3000.3,0.072,0.066,0.06,3
1.6480,3000.2,3000.1,0.071,0.067,0.05,3
1.6490,3000.1,3000.0,0.058,0.067,0.05,3
1.6500,3000.2,2999.9,0.067,0.067,0.05,3
1.6510,3000.3,3000.1,0.060,0.067,0.06,3
1.6520,3000.3,2999.9,0.062,0.067,0.05,3
1.6530,3000.3,3000.2,0.060,0.066,0.05,3
1.6540,3000.3,3000.9,0.065,0.062,0.05,3
1.6550,3000.1,3000.1,0.060,0.066,0.05,3
1.6560,3000.3,2999.9,0.058,0.068,0.06,3
1.6570,3000.3,2999.8,0.068,0.068,0.05,3
1.6580,3000.3,3000.6,0.073,0.064,0.05,3
1.6590,3000.1,2999.8,0.061,0.068,0.05,3
1.6600,3000.1,2999.0,0.048,0.072,0.05,3
1.6610,3000.3,3000.6,0.076,0.064,0.05,3
1.6620,3000.1,3000.5,0.071,0.064,0.05,3
1.6630,3000.2,3000.1,0.068,0.067,0.06,3
1.6640,3000.1,3000.0,0.058,0.067,0.05,3
1.6650,3000.0,3000.8,0.073,0.063,0.05,3
1.6660,2999.9,3000.1,0.060,0.066,0.06,3
1.6670,2999.9,3000.9,0.075,0.062,0.06,3
1.6680,2999.8,2999.7,0.059,0.069,0.07,3
1.6690,2999.9,2999.4,0.059,0.070,0.07,3
1.6700,2999.9,3000.3,0.074,0.065,0.06,3
1.6710,2999.9,2999.6,0.056,0.069,0.06,3
1.6720,2999.9,3000.1,0.067,0.066,0.07,3
1.6730,2999.9,2999.4,0.057,0.070,0.06,3
1.6740,2999.9,3000.5,0.083,0.064,0.05,3
1.6750,2999.8,2999.6,0.057,0.069,0.06,3
1.6760,2999.8,2999.3,0.063,0.071,0.06,3
1.6770,2999.9,2999.3,0.057,0.071,0.06,3
1.6780,2999.9,2999.8,0.067,0.068,0.05,3
1.6790,3000.0,2999.7,0.062,0.069,0.06,3
1.6800,2999.9,3000.2,0.077,0.066,0.05,3
1.6810,2999.9,3000.6,0.080,0.064,0.05,3
1.6820,2999.7,2999.6,0.058,0.069,0.05,3
1.6830,2999.8,3000.0,0.076,0.067,0.06,3
1.6840,2999.7,3000.5,0.077,0.065,0.06,3
1.6850,2999.6,3000.0,0.069,0.067,0.06,3
1.6860,2999.8,3000.0,0.073,0.067,0.07,3
1.6870,2999.7,2998.8,0.060,0.074,0.06,3
1.6880,2999.9,2999.6,0.069,0.069,0.06,3
1.6890,2999.9,2999.3,0.057,0.071,0.05,3
1.6900,3000.1,3001.0,0.083,0.062,0.05,3
1.6910,2999.9,3000.1,0.070,0.067,0.05,3
1.6920,2999.9,3000.0,0.068,0.067,0.04,3
1.6930,2999.9,3000.9,0.072,0.062,0.05,3
1.6940,2999.9,2999.7,0.061,0.069,0.06,3
1.6950,3000.0,3000.0,0.073,0.067,0.06,3
1.6960,3000.0,2999.8,0.070,0.068,0.06,3
1.6970,3000.1,3000.7,0.086,0.064,0.06,3
1.6980,3000.0,2999.4,0.053,0.070,0.05,3
1.6990,2999.9,3000.5,0.075,0.064,0.04,3
1.7000,3000.0,3000.4,0.069,0.065,0.06,3
1.7010,3000.0,2999.9,0.065,0.068,0.06,3
1.7020,3000.0,2999.8,0.061,0.068,0.05,3
1.7030,3000.0,3000.7,0.077,0.063,0.05,3
1.7040,2999.8,3000.0,0.060,0.067,0.05,3
1.7050,2999.8,2999.8,0.067,0.068,0.05,3
1.7060,2999.9,2999.7,0.070,0.068,0.06,3
1.7070,3000.0,2999.9,0.063,0.068,0.06,3
1.7080,3000.0,3000.3,0.072,0.065,0.05,3
1.7090,3000.0,3000.0,0.073,0.067,0.05,3
1.7100,2999.9,3000.1,0.061,0.066,0.05,3
1.7110,2999.8,3000.1,0.068,0.067,0.05,3
1.7120,2999.8,3000.0,0.067,0.067,0.05,3
1.7130,2999.9,3000.3,0.064,0.065,0.06,3
1.7140,2999.7,2999.7,0.068,0.069,0.06,3
1.7150,2999.7,2999.5,0.061,0.070,0.06,3
1.7160,2999.9,2999.2,0.055,0.071,0.07,3
1.7170,2999.9,3000.0,0.074,0.067,0.06,3
1.7180,2999.9,2999.8,0.057,0.068,0.05,3
1.7190,2999.8,2999.8,0.060,0.068,0.04,3
1.7200,2999.9,3001.0,0.078,0.062,0.06,3
1.7210,2999.7,2999.9,0.068,0.067,0.06,3
1.7220,2999.7,2999.2,0.065,0.071,0.06,3
1.7230,2999.8,3000.0,0.073,0.067,0.06,3
1.7240,2999.8,2999.9,0.067,0.067,0.06,3
1.7250,2999.9,2999.3,0.067,0.071,0.05,3
1.7260,2999.8,3000.7,0.080,0.063,0.05,3
1.7270,2999.8,3000.8,0.070,0.063,0.05,3
1.7280,2999.8,3000.0,0.064,0.067,0.07,3
1.7290,2999.8,3000.1,0.075,0.067,0.05,3
1.7300,2999.9,3000.4,0.065,0.065,0.06,3
1.7310,2999.8,3000.1,0.073,0.066,0.05,3
1.7320,2999.7,2999.8,0.070,0.068,0.05,3
1.7330,2999.8,2999.5,0.064,0.069,0.06,3
1.7340,2999.9,2999.9,0.070,0.068,0.06,3
1.7350,3000.0,2999.7,0.067,0.069,0.06,3
1.7360,3000.0,3000.3,0.068,0.065,0.05,3
1.7370,2999.9,3000.2,0.067,0.066,0.04,3
1.7380,2999.8,3000.0,0.066,0.067,0.05,3
1.7390,3000.0,3000.0,0.066,0.067,0.06,3
1.7400,3000.0,2999.5,0.052,0.070,0.05,3
1.7410,3000.2,3000.3,0.072,0.066,0.06,3
1.7420,3000.2,2999.5,0.055,0.070,0.05,3
1.7430,3000.2,2999.7,0.055,0.069,0.04,3
1.7440,3000.3,3000.5,0.075,0.064,0.04,3
1.7450,3000.3,3000.3,0.069,0.065,0.05,3
1.7460,3000.3,3000.7,0.072,0.063,0.05,3
1.7470,3000.2,3000.1,0.058,0.066,0.05,3
1.7480,3000.2,3000.8,0.077,0.063,0.06,3
1.7490,3000.2,3000.4,0.065,0.065,0.06,3
1.7500,3000.2,3000.4,0.074,0.065,0.06,3
1.7510,3000.1,3000.6,0.071,0.064,0.06,3
1.7520,3000.2,2999.6,0.060,0.069,0.06,3
1.7530,3000.2,2999.4,0.061,0.070,0.05,3
1.7540,3000.2,3000.5,0.072,0.064,0.05,3
1.7550,3000.0,3000.4,0.068,0.065,0.05,3
1.7560,3000.0,3000.6,0.074,0.063,0.06,3
1.7570,2999.9,2999.1,0.053,0.072,0.06,3
1.7580,3000.0,3000.1,0.075,0.066,0.06,3
1.7590,3000.1,3000.8,0.072,0.063,0.07,3
1.7600,2999.9,2999.6,0.057,0.069,0.06,3
1.7610,2999.9,3000.3,0.077,0.065,0.05,3
1.7620,2999.9,3000.4,0.068,0.064,0.07,3
1.7630,2999.8,3000.5,0.077,0.064,0.06,3
1.7640,2999.9,2999.3,0.060,0.070,0.06,3
1.7650,3000.0,2999.8,0.067,0.068,0.07,3
1.7660,3000.0,3000.4,0.068,0.064,0.05,3
1.7670,3000.0,2999.8,0.055,0.068,0.06,3
1.7680,3000.0,3000.0,0.071,0.067,0.05,3
1.7690,3000.0,3000.1,0.069,0.066,0.05,3
1.7700,2999.9,3000.2,0.063,0.065,0.05,3
1.7710,2999.8,2999.6,0.059,0.069,0.05,3
1.7720,2999.8,3000.4,0.069,0.065,0.05,3
1.7730,2999.7,2999.2,0.060,0.071,0.06,3
1.7740,2999.8,3000.0,0.072,0.067,0.06,3
1.7750,2999.7,3000.1,0.076,0.066,0.06,3
1.7760,2999.6,2999.5,0.066,0.070,0.06,3
1.7770,2999.7,3000.1,0.078,0.066,0.06,3
1.7780,2999.7,2999.9,0.066,0.067,0.06,3
1.7790,2999.7,2999.4,0.068,0.070,0.06,3
1.7800,2999.7,2999.1,0.057,0.072,0.05,3
1.7810,2999.8,3000.3,0.081,0.065,0.05,3
1.7820,2999.8,2999.9,0.069,0.067,0.05,3
1.7830,2999.8,3000.1,0.075,0.067,0.05,3
1.7840,2999.9,2999.4,0.059,0.070,0.05,3
1.7850,2999.9,3000.0,0.068,0.067,0.05,3
1.7860,3000.0,2999.0,0.052,0.072,0.04,3
1.7870,3000.0,3000.4,0.067,0.065,0.04,3
1.7880,3000.1,2999.8,0.067,0.068,0.05,3
1.7890,3000.1,2999.9,0.059,0.068,0.04,3
1.7900,3000.2,3000.8,0.076,0.063,0.05,3
1.7910,3000.1,2999.6,0.060,0.069,0.05,3
1.7920,3000.0,3000.6,0.071,0.064,0.04,3
1.7930,2999.9,2999.6,0.054,0.069,0.05,3
1.7940,3000.0,3000.5,0.074,0.064,0.06,3
1.7950,2999.9,2999.8,0.064,0.068,0.06,3
1.7960,2999.9,2999.7,0.064,0.068,0.05,3
1.7970,2999.8,2999.7,0.068,0.068,0.06,3
1.7980,2999.9,3000.3,0.076,0.065,0.06,3
1.7990,2999.9,2999.0,0.058,0.072,0.06,3
1.8000,3000.1,3000.5,0.081,0.065,0.06,3
1.8010,3000.0,3000.2,0.067,0.066,0.06,3
1.8020,3000.0,2999.4,0.064,0.070,0.05,3
1.8030,3000.0,2999.5,0.061,0.070,0.05,3
1.8040,3000.1,3000.1,0.066,0.067,0.05,3
1.8050,3000.2,2999.8,0.069,0.068,0.06,3
1.8060,3000.2,3000.6,0.078,0.064,0.05,3
1.8070,3000.3,3000.4,0.069,0.065,0.05,3
1.8080,3000.3,3000.3,0.066,0.065,0.06,3
1.8090,3000.4,3000.7,0.079,0.063,0.05,3
1.8100,3000.3,3000.1,0.070,0.066,0.05,3
1.8110,3000.3,3000.9,0.070,0.062,0.05,3
1.8120,3000.3,3000.6,0.069,0.064,0.05,3
1.8130,3000.2,3000.8,0.064,0.063,0.05,3
1.8140,3000.1,2999.9,0.049,0.067,0.06,3
1.8150,3000.3,3000.3,0.077,0.065,0.07,3
1.8160,3000.3,2999.8,0.060,0.068,0.06,3
1.8170,3000.2,2999.5,0.061,0.069,0.05,3
1.8180,3000.2,3000.0,0.063,0.067,0.05,3
1.8190,3000.3,2999.9,0.061,0.067,0.06,3
1.8200,3000.4,3000.5,0.074,0.064,0.06,3
1.8210,3000.4,2999.7,0.056,0.068,0.06,3
1.8220,3000.3,3000.8,0.072,0.062,0.05,3
1.8230,3000.1,3000.6,0.072,0.063,0.05,3
1.8240,2999.9,3000.1,0.062,0.066,0.05,3
1.8250,3000.0,2999.6,0.060,0.069,0.07,3
1.8260,3000.1,3000.3,0.082,0.065,0.07,3
1.8270,3000.0,3000.7,0.079,0.063,0.07,3
1.8280,2999.9,2999.6,0.066,0.069,0.06,3
1.8290,2999.9,3000.0,0.070,0.066,0.06,3
1.8300,2999.8,2999.9,0.067,0.067,0.06,3
1.8310,2999.8,2999.7,0.059,0.068,0.06,3
1.8320,2999.8,2999.5,0.064,0.069,0.07,3
1.8330,2999.9,2999.5,0.062,0.069,0.06,3
1.8340,2999.9,3000.2,0.070,0.065,0.06,3
1.8350,2999.9,3000.1,0.073,0.066,0.06,3
1.8360,2999.8,2999.2,0.056,0.071,0.05,3
1.8370,3000.0,3000.5,0.085,0.064,0.06,3
1.8380,2999.9,2999.9,0.060,0.067,0.06,3
1.8390,2999.9,3000.1,0.062,0.066,0.05,3
1.8400,2999.9,2999.8,0.066,0.068,0.05,3
1.8410,3000.0,2999.5,0.048,0.069,0.06,3
1.8420,2999.9,2999.8,0.066,0.068,0.05,3
1.8430,2999.9,3000.5,0.069,0.064,0.05,3
1.8440,2999.9,3000.0,0.070,0.067,0.05,3
1.8450,2999.8,2999.4,0.058,0.070,0.05,3
1.8460,2999.8,2999.5,0.061,0.069,0.06,3
1.8470,2999.8,2999.3,0.063,0.071,0.05,3
1.8480,2999.9,2999.9,0.062,0.067,0.06,3
1.8490,2999.9,3000.4,0.074,0.065,0.06,3
1.8500,3000.1,2999.6,0.056,0.069,0.06,3
1.8510,3000.1,2999.9,0.066,0.068,0.05,3
1.8520,3000.2,3000.6,0.072,0.064,0.05,3
1.8530,3000.1,3000.2,0.065,0.066,0.05,3
1.8540,3000.0,3000.5,0.068,0.064,0.04,3
1.8550,3000.0,3000.4,0.070,0.064,0.05,3
1.8560,2999.9,2999.5,0.059,0.069,0.05,3
1.8570,2999.8,2999.8,0.058,0.068,0.05,3
1.8580,2999.9,3000.4,0.071,0.065,0.06,3
1.8590,2999.8,2999.4,0.067,0.070,0.06,3
1.8600,2999.9,3000.2,0.076,0.066,0.06,3
1.8610,3000.0,2999.6,0.065,0.069,0.07,3
1.8620,3000.0,2999.7,0.068,0.068,0.05,3
1.8630,3000.1,3000.5,0.079,0.064,0.05,3
1.8640,3000.1,3000.0,0.063,0.067,0.05,3
1.8650,3000.0,3000.4,0.067,0.065,0.05,3
1.8660,2999.9,2999.8,0.055,0.068,0.05,3
1.8670,2999.7,3000.8,0.083,0.062,0.05,3
1.8680,2999.7,3000.3,0.069,0.065,0.07,3
1.8690,2999.6,2999.4,0.060,0.070,0.06,3
1.8700,2999.7,2999.5,0.068,0.069,0.06,3
1.8710,2999.9,2999.8,0.073,0.068,0.07,3
1.8720,2999.9,2999.7,0.068,0.068,0.05,3
1.8730,3000.0,2999.9,0.070,0.067,0.05,3
1.8740,3000.0,3000.3,0.077,0.065,0.05,3
1.8750,2999.9,2999.8,0.064,0.068,0.05,3
1.8760,3000.0,3000.4,0.074,0.065,0.05,3
1.8770,3000.0,3000.1,0.067,0.066,0.06,3
1.8780,2999.8,2999.6,0.063,0.069,0.05,3
1.8790,2999.9,2999.7,0.059,0.068,0.05,3
1.8800,2999.9,2999.8,0.065,0.068,0.06,3
1.8810,2999.9,2999.7,0.064,0.068,0.06,3
1.8820,2999.9,2999.8,0.063,0.068,0.05,3
1.8830,2999.9,2999.3,0.059,0.071,0.05,3
1.8840,3000.1,3000.3,0.074,0.065,0.06,3
1.8850,3000.3,2999.7,0.064,0.069,0.06,3
1.8860,3000.3,3000.5,0.074,0.065,0.05,3
1.8870,3000.3,3000.9,0.070,0.062,0.05,3
1.8880,3000.3,3000.5,0.072,0.064,0.05,3
1.8890,3000.3,3000.0,0.056,0.067,0.05,3
1.8900,3000.2,3000.7,0.075,0.063,0.05,3
1.8910,3000.2,3000.5,0.061,0.064,0.05,3
1.8920,3000.2,2999.9,0.061,0.067,0.05,3
1.8930,3000.2,3000.2,0.065,0.065,0.06,3
1.8940,3000.1,3000.6,0.072,0.063,0.05,3
1.8950,3000.1,3000.7,0.065,0.063,0.06,3
1.8960,3000.0,2999.8,0.060,0.068,0.06,3
1.8970,3000.1,2999.8,0.057,0.068,0.07,3
1.8980,3000.1,2999.4,0.056,0.070,0.06,3
1.8990,3000.2,3000.1,0.058,0.066,0.06,3
1.9000,3000.2,2999.9,0.065,0.067,0.06,3
1.9010,3000.3,3000.6,0.074,0.064,0.06,3
1.9020,3000.2,3000.0,0.067,0.066,0.05,3
1.9030,3000.2,3000.1,0.058,0.066,0.05,3
1.9040,3000.1,3000.0,0.068,0.067,0.05,3
1.9050,3000.1,3000.3,0.060,0.065,0.05,3
1.9060,3000.0,3000.2,0.067,0.065,0.06,3
1.9070,3000.0,2999.8,0.066,0.068,0.06,3
1.9080,3000.0,3000.1,0.072,0.066,0.06,3
1.9090,3000.0,3000.7,0.067,0.063,0.07,3
1.9100,2999.8,2999.8,0.060,0.067,0.06,3
1.9110,2999.9,3000.3,0.078,0.065,0.06,3
1.9120,2999.9,2999.8,0.064,0.067,0.07,3
1.9130,2999.8,2999.4,0.065,0.070,0.06,3
1.9140,2999.9,2999.4,0.057,0.070,0.06,3
1.9150,2999.9,2999.9,0.077,0.067,0.06,3
1.9160,2999.8,2999.1,0.059,0.071,0.05,3
1.9170,3000.0,3000.3,0.082,0.065,0.06,3
1.9180,2999.9,2999.2,0.055,0.071,0.05,3
1.9190,2999.9,3000.0,0.062,0.067,0.04,3
1.9200,2999.9,2999.8,0.064,0.068,0.05,3
1.9210,2999.9,3000.0,0.068,0.067,0.06,3
1.9220,2999.8,2999.7,0.062,0.068,0.05,3
1.9230,3000.0,3000.9,0.080,0.062,0.06,3
1.9240,2999.8,3000.3,0.066,0.065,0.06,3
1.9250,2999.7,2999.7,0.064,0.068,0.05,3
1.9260,2999.7,3000.8,0.077,0.063,0.06,3
1.9270,2999.7,3000.5,0.077,0.064,0.07,3
1.9280,2999.7,2999.2,0.057,0.071,0.07,3
1.9290,2999.7,3000.0,0.072,0.066,0.06,3
1.9300,2999.8,3000.1,0.079,0.066,0.06,3
1.9310,2999.8,2999.4,0.065,0.070,0.06,3
1.9320,2999.9,3000.0,0.070,0.067,0.05,3
1.9330,2999.9,3000.4,0.086,0.065,0.05,3
1.9340,2999.8,2999.6,0.055,0.069,0.05,3
1.9350,2999.8,2999.9,0.066,0.067,0.05,3
1.9360,2999.8,2999.6,0.071,0.069,0.05,3
1.9370,2999.9,3000.0,0.067,0.067,0.05,3
1.9380,2999.7,3000.2,0.078,0.066,0.04,3
1.9390,2999.8,3000.4,0.066,0.065,0.06,3
1.9400,2999.6,2998.6,0.057,0.074,0.06,3
1.9410,2999.8,2999.6,0.073,0.069,0.06,3
1.9420,2999.9,3000.2,0.076,0.066,0.06,3
1.9430,2999.7,3000.0,0.064,0.067,0.05,3
1.9440,2999.7,3000.4,0.076,0.064,0.05,3
1.9450,2999.6,2999.9,0.065,0.068,0.06,3
1.9460,2999.7,2999.7,0.073,0.069,0.06,3
1.9470,2999.6,2999.3,0.063,0.071,0.05,3
1.9480,2999.8,3000.4,0.076,0.065,0.06,3
1.9490,2999.7,3000.5,0.074,0.064,0.06,3
1.9500,2999.7,3000.3,0.076,0.065,0.06,3
1.9510,2999.7,2999.1,0.061,0.071,0.06,3
1.9520,2999.8,2999.3,0.067,0.071,0.05,3
1.9530,2999.7,2999.5,0.053,0.070,0.05,3
1.9540,2999.8,2999.4,0.061,0.070,0.05,3
1.9550,2999.9,2999.4,0.065,0.070,0.05,3
1.9560,2999.9,3000.3,0.066,0.065,0.05,3
1.9570,2999.9,2999.4,0.054,0.071,0.04,3
1.9580,3000.0,3000.3,0.080,0.065,0.04,3
1.9590,2999.9,3000.7,0.071,0.064,0.05,3
1.9600,2999.8,3000.3,0.065,0.066,0.05,3
1.9610,2999.8,2999.2,0.061,0.071,0.05,3
1.9620,2999.9,2999.4,0.058,0.070,0.05,3
1.9630,2999.8,2999.6,0.062,0.069,0.04,3
1.9640,3000.0,3000.4,0.067,0.065,0.05,3
1.9650,2999.9,2999.9,0.058,0.068,0.05,3
1.9660,2999.9,2999.7,0.072,0.069,0.05,3
1.9670,2999.8,3000.1,0.073,0.067,0.05,3
1.9680,2999.9,2999.8,0.064,0.068,0.06,3
1.9690,3000.0,2999.3,0.056,0.071,0.05,3
1.9700,3000.1,3000.0,0.068,0.067,0.05,3
1.9710,3000.0,2999.9,0.066,0.068,0.05,3
1.9720,3000.0,3000.5,0.067,0.065,0.05,3
1.9730,2999.9,3000.5,0.068,0.064,0.05,3
1.9740,2999.9,2999.3,0.059,0.071,0.05,3
1.9750,2999.9,3000.4,0.074,0.065,0.06,3
1.9760,2999.8,2999.6,0.059,0.069,0.05,3
1.9770,2999.8,3000.1,0.061,0.067,0.05,3
1.9780,2999.9,3000.0,0.074,0.067,0.06,3
1.9790,2999.9,3000.4,0.072,0.065,0.06,3
1.9800,3000.0,2999.2,0.061,0.071,0.06,3
1.9810,3000.1,3000.2,0.085,0.066,0.06,3
1.9820,3000.1,2999.7,0.062,0.069,0.05,3
1.9830,3000.1,2999.1,0.053,0.072,0.05,3
1.9840,3000.2,3000.1,0.070,0.067,0.04,3
1.9850,3000.3,2999.8,0.059,0.068,0.05,3
1.9860,3000.3,3000.2,0.063,0.066,0.05,3
1.9870,3000.2,3000.7,0.066,0.064,0.04,3
1.9880,3000.2,3000.2,0.056,0.066,0.05,3
1.9890,3000.1,3000.5,0.080,0.064,0.05,3
1.9900,3000.1,2999.5,0.048,0.070,0.05,3
1.9910,3000.1,3000.2,0.069,0.066,0.05,3
1.9920,3000.2,3000.4,0.068,0.065,0.06,3
1.9930,3000.1,2999.2,0.061,0.072,0.06,3
1.9940,3000.2,3000.0,0.063,0.067,0.06,3
1.9950,3000.2,3000.3,0.063,0.066,0.05,3
1.9960,3000.1,3001.0,0.075,0.062,0.05,3
1.9970,2999.9,3000.5,0.063,0.064,0.05,3
1.9980,3000.0,3000.5,0.069,0.064,0.07,3
1.9990,3000.0,2999.4,0.059,0.070,0.07,3
2.0000,2999.4,2999.8,0.071,0.068,0.06,3
2.0010,2985.3,2995.3,0.088,0.092,0.31,3
2.0020,2971.8,2985.6,0.129,0.145,0.82,3
2.0030,2959.2,2971.7,0.179,0.220,1.36,3
2.0040,2948.3,2957.6,0.242,0.299,1.82,3
2.0050,2939.0,2945.9,0.326,0.366,2.15,3
2.0060,2931.2,2934.8,0.391,0.431,2.34,3
2.0070,2924.8,2925.7,0.452,0.486,2.42,3
2.0080,2919.7,2918.0,0.494,0.535,2.37,3
2.0090,2915.9,2912.4,0.536,0.573,2.26,3
2.0100,2912.9,2907.8,0.577,0.607,2.09,3
2.0110,2910.5,2905.3,0.605,0.630,1.87,3
2.0120,2908.8,2904.1,0.641,0.647,1.66,3
2.0130,2907.6,2903.2,0.658,0.661,1.45,3
2.0140,2906.7,2901.5,0.668,0.680,1.24,3
2.0150,2906.2,2902.0,0.688,0.688,1.04,3
2.0160,2906.0,2901.3,0.688,0.702,0.87,3
2.0170,2905.8,2901.7,0.691,0.710,0.70,3
2.0180,2906.0,2903.1,0.716,0.713,0.56,3
2.0190,2906.3,2903.7,0.717,0.720,0.45,3
2.0200,2906.8,2904.3,0.724,0.727,0.34,3
2.0210,2907.3,2905.6,0.728,0.730,0.24,3
2.0220,2907.9,2905.8,0.719,0.739,0.17,3
2.0230,2908.7,2906.8,0.735,0.743,0.10,3
2.0240,2909.7,2907.9,0.744,0.747,0.04,3
2.0250,2910.7,2909.1,0.744,0.751,-0.02,3
2.0260,2911.6,2910.9,0.744,0.750,-0.08,3
2.0270,2912.7,2911.5,0.745,0.756,-0.11,3
2.0280,2913.9,2912.0,0.738,0.763,-0.15,3
2.0290,2915.1,2915.0,0.762,0.757,-0.19,3
2.0300,2916.3,2916.1,0.759,0.759,-0.20,3
2.0310,2917.5,2917.4,0.770,0.761,-0.23,3
2.0320,2918.8,2918.1,0.752,0.766,-0.25,3
2.0330,2920.1,2919.9,0.764,0.765,-0.27,3
2.0340,2921.4,2921.2,0.760,0.767,-0.28,3
2.0350,2922.8,2922.6,0.764,0.767,-0.29,3
2.0360,2924.2,2924.4,0.771,0.766,-0.30,3
2.0370,2925.5,2925.1,0.757,0.770,-0.32,3
2.0380,2926.9,2927.1,0.766,0.767,-0.33,3
2.0390,2928.4,2928.6,0.771,0.767,-0.33,3
2.0400,2929.9,2929.1,0.750,0.772,-0.33,3
2.0410,2931.2,2929.9,0.745,0.775,-0.35,3
2.0420,2932.8,2932.7,0.763,0.767,-0.36,3
2.0430,2934.2,2934.6,0.773,0.764,-0.36,3
2.0440,2935.5,2934.6,0.752,0.771,-0.37,3
2.0450,2937.0,2937.7,0.774,0.761,-0.36,3
2.0460,2938.3,2937.8,0.757,0.767,-0.36,3
2.0470,2939.7,2940.3,0.771,0.760,-0.36,3
2.0480,2941.0,2940.3,0.744,0.766,-0.35,3
2.0490,2942.4,2941.9,0.755,0.764,-0.35,3
2.0500,2943.8,2943.6,0.745,0.761,-0.36,3
2.0510,2945.1,2945.4,0.762,0.757,-0.35,3
2.0520,2946.2,2946.8,0.760,0.756,-0.34,3
2.0530,2947.4,2947.6,0.763,0.757,-0.33,3
2.0540,2948.7,2949.1,0.753,0.754,-0.32,3
2.0550,2949.7,2949.5,0.743,0.758,-0.32,3
2.0560,2951.0,2951.0,0.759,0.755,-0.30,3
2.0570,2952.2,2952.7,0.768,0.751,-0.30,3
2.0580,2953.2,2953.4,0.754,0.752,-0.30,3
2.0590,2954.4,2955.2,0.759,0.748,-0.29,3
2.0600,2955.5,2956.2,0.757,0.747,-0.28,3
2.0610,2956.5,2956.5,0.747,0.750,-0.28,3
2.0620,2957.5,2958.0,0.753,0.746,-0.28,3
2.0630,2958.5,2957.8,0.736,0.752,-0.27,3
2.0640,2959.6,2959.2,0.739,0.749,-0.26,3
2.0650,2960.5,2960.1,0.743,0.748,-0.26,3
2.0660,2961.4,2961.7,0.751,0.744,-0.26,3
2.0670,2962.3,2963.2,0.752,0.740,-0.25,3
2.0680,2963.0,2963.2,0.738,0.744,-0.24,3
2.0690,2963.8,2964.9,0.739,0.739,-0.23,3
2.0700,2964.5,2964.4,0.738,0.745,-0.22,3
2.0710,2965.3,2965.7,0.730,0.742,-0.21,3
2.0720,2966.2,2966.7,0.744,0.740,-0.19,3
2.0730,2966.9,2966.6,0.720,0.744,-0.20,3
2.0740,2967.7,2968.0,0.740,0.740,-0.20,3
2.0750,2968.6,2968.3,0.726,0.742,-0.18,3
2.0760,2969.4,2969.8,0.742,0.737,-0.18,3
2.0770,2970.1,2970.6,0.742,0.736,-0.18,3
2.0780,2970.8,2971.3,0.735,0.735,-0.18,3
2.0790,2971.4,2971.7,0.738,0.736,-0.17,3
2.0800,2972.1,2972.9,0.743,0.733,-0.17,3
2.0810,2972.8,2973.0,0.725,0.735,-0.16,3
2.0820,2973.6,2974.1,0.735,0.732,-0.15,3
2.0830,2974.2,2973.2,0.719,0.739,-0.15,3
2.0840,2975.0,2974.5,0.720,0.735,-0.16,3
2.0850,2975.5,2975.4,0.723,0.733,-0.16,3
2.0860,2976.1,2976.7,0.735,0.729,-0.15,3
2.0870,2976.6,2976.7,0.726,0.731,-0.14,3
2.0880,2977.3,2977.2,0.734,0.731,-0.14,3
2.0890,2977.8,2978.2,0.729,0.728,-0.13,3
2.0900,2978.3,2978.6,0.727,0.728,-0.12,3
2.0910,2978.8,2978.5,0.716,0.731,-0.12,3
2.0920,2979.3,2979.2,0.722,0.730,-0.12,3
2.0930,2979.8,2979.4,0.715,0.731,-0.11,3
2.0940,2980.4,2980.7,0.728,0.726,-0.11,3
2.0950,2980.9,2980.4,0.711,0.730,-0.10,3
2.0960,2981.5,2981.1,0.723,0.728,-0.10,3
2.0970,2982.0,2981.7,0.710,0.727,-0.10,3
2.0980,2982.6,2982.7,0.723,0.723,-0.10,3
2.0990,2982.9,2982.5,0.716,0.726,-0.10,3
2.1000,2983.4,2983.2,0.715,0.724,-0.10,3
2.1010,2983.8,2984.1,0.724,0.721,-0.08,3
2.1020,2984.1,2984.3,0.720,0.722,-0.08,3
2.1030,2984.5,2984.8,0.718,0.721,-0.08,3
2.1040,2984.8,2985.4,0.723,0.719,-0.07,3
2.1050,2985.1,2984.7,0.709,0.724,-0.07,3
2.1060,2985.5,2986.2,0.732,0.718,-0.05,3
2.1070,2985.7,2986.3,0.728,0.719,-0.05,3
2.1080,2986.1,2985.7,0.708,0.724,-0.05,3
2.1090,2986.5,2987.0,0.728,0.718,-0.04,3
2.1100,2986.8,2986.3,0.710,0.723,-0.04,3
2.1110,2987.2,2986.8,0.716,0.722,-0.05,3
2.1120,2987.6,2988.0,0.724,0.717,-0.04,3
2.1130,2987.9,2987.2,0.705,0.722,-0.04,3
2.1140,2988.2,2987.7,0.709,0.721,-0.05,3
2.1150,2988.4,2988.5,0.711,0.718,-0.05,3
2.1160,2988.7,2989.7,0.723,0.713,-0.04,3
2.1170,2988.9,2989.2,0.716,0.717,-0.03,3
2.1180,2989.1,2989.2,0.711,0.718,-0.03,3
2.1190,2989.4,2989.7,0.721,0.716,-0.03,3
2.1200,2989.6,2989.3,0.697,0.720,-0.03,3
2.1210,2989.8,2989.5,0.716,0.719,-0.03,3
2.1220,2990.1,2990.6,0.717,0.715,-0.02,3
2.1230,2990.4,2990.1,0.712,0.718,-0.01,3
2.1240,2990.6,2991.1,0.715,0.714,-0.02,3
2.1250,2990.9,2991.5,0.720,0.713,-0.01,3
2.1260,2991.1,2991.1,0.706,0.716,-0.01,3
2.1270,2991.4,2991.4,0.711,0.715,-0.02,3
2.1280,2991.6,2990.9,0.700,0.719,-0.01,3
2.1290,2991.9,2991.7,0.717,0.715,-0.02,3
2.1300,2992.1,2992.4,0.715,0.713,-0.02,3
2.1310,2992.3,2992.6,0.709,0.712,-0.02,3
2.1320,2992.5,2992.8,0.709,0.712,-0.01,3
2.1330,2992.6,2992.5,0.701,0.715,-0.01,3
2.1340,2992.8,2992.5,0.710,0.715,-0.01,3
2.1350,2993.0,2993.0,0.711,0.713,0.00,3
2.1360,2993.1,2993.8,0.718,0.710,0.00,3
2.1370,2993.3,2993.0,0.699,0.715,0.01,3
2.1380,2993.4,2992.6,0.702,0.717,-0.00,3
2.1390,2993.6,2993.7,0.711,0.713,0.00,3
2.1400,2993.7,2993.8,0.706,0.712,0.01,3
2.1410,2993.9,2993.9,0.706,0.713,0.01,3
2.1420,2994.0,2994.7,0.726,0.709,0.01,3
2.1430,2994.0,2994.4,0.713,0.711,0.01,3
2.1440,2994.0,2993.8,0.697,0.715,0.01,3
2.1450,2994.2,2994.2,0.706,0.713,0.02,3
2.1460,2994.5,2994.0,0.704,0.715,0.03,3
2.1470,2994.6,2994.4,0.706,0.714,0.02,3
2.1480,2994.8,2995.2,0.714,0.710,0.01,3
2.1490,2995.0,2994.2,0.696,0.716,0.01,3
2.1500,2995.1,2994.9,0.704,0.713,0.01,3
2.1510,2995.2,2995.0,0.714,0.713,0.00,3
2.1520,2995.3,2994.2,0.684,0.717,0.01,3
2.1530,2995.4,2995.5,0.706,0.711,0.00,3
2.1540,2995.5,2995.7,0.701,0.711,0.02,3
2.1550,2995.6,2995.6,0.708,0.712,0.02,3
2.1560,2995.8,2996.3,0.714,0.708,0.03,3
2.1570,2995.8,2995.3,0.697,0.714,0.02,3
2.1580,2996.0,2995.5,0.712,0.713,0.02,3
2.1590,2996.1,2995.5,0.697,0.714,0.02,3
2.1600,2996.2,2996.6,0.710,0.709,0.02,3
2.1610,2996.2,2995.9,0.696,0.712,0.02,3
2.1620,2996.3,2996.1,0.703,0.712,0.02,3
2.1630,2996.3,2996.4,0.698,0.711,0.02,3
2.1640,2996.4,2996.3,0.699,0.711,0.03,3
2.1650,2996.5,2997.4,0.722,0.706,0.03,3
2.1660,2996.6,2996.2,0.704,0.713,0.04,3
2.1670,2996.7,2996.9,0.710,0.710,0.04,3
2.1680,2996.8,2997.6,0.711,0.706,0.03,3
2.1690,2996.8,2995.9,0.691,0.715,0.04,3
2.1700,2997.1,2996.8,0.701,0.711,0.03,3
2.1710,2997.2,2996.5,0.697,0.713,0.02,3
2.1720,2997.2,2997.4,0.715,0.709,0.02,3
2.1730,2997.3,2997.5,0.706,0.708,0.02,3
2.1740,2997.4,2997.7,0.707,0.708,0.04,3
2.1750,2997.4,2996.6,0.700,0.713,0.03,3
2.1760,2997.5,2997.1,0.694,0.711,0.03,3
2.1770,2997.7,2997.6,0.695,0.709,0.03,3
2.1780,2997.7,2997.2,0.710,0.711,0.03,3
2.1790,2997.8,2997.1,0.691,0.712,0.03,3
2.1800,2998.0,2997.9,0.705,0.708,0.03,3
2.1810,2998.0,2998.2,0.705,0.707,0.03,3
2.1820,2998.2,2998.4,0.714,0.706,0.04,3
2.1830,2998.2,2998.3,0.705,0.707,0.04,3
2.1840,2998.2,2998.4,0.706,0.706,0.03,3
2.1850,2998.2,2998.1,0.699,0.708,0.03,3
2.1860,2998.2,2998.8,0.714,0.704,0.04,3
2.1870,2998.1,2998.6,0.705,0.706,0.04,3
2.1880,2998.1,2998.4,0.707,0.707,0.05,3
2.1890,2998.0,2997.2,0.697,0.713,0.04,3
2.1900,2998.1,2998.2,0.697,0.708,0.05,3
2.1910,2998.1,2998.8,0.710,0.706,0.05,3
2.1920,2998.1,2998.1,0.709,0.709,0.05,3
2.1930,2998.2,2998.6,0.712,0.707,0.05,3
2.1940,2998.0,2998.3,0.713,0.708,0.05,3
2.1950,2998.2,2997.8,0.704,0.711,0.06,3
2.1960,2998.3,2998.2,0.710,0.710,0.06,3
2.1970,2998.4,2998.4,0.705,0.708,0.05,3
2.1980,2998.4,2998.4,0.705,0.709,0.04,3
2.1990,2998.5,2999.1,0.712,0.705,0.05,3
2.2000,2998.5,2997.8,0.699,0.712,0.05,3
2.2010,2998.6,2998.4,0.708,0.709,0.04,3
2.2020,2998.7,2998.2,0.695,0.710,0.04,3
2.2030,2998.8,2998.3,0.702,0.710,0.05,3
2.2040,2998.8,2998.4,0.709,0.710,0.04,3
2.2050,2998.9,2999.7,0.709,0.703,0.04,3
2.2060,2999.0,2999.1,0.710,0.706,0.05,3
2.2070,2999.0,2998.5,0.695,0.709,0.05,3
2.2080,2999.1,2998.8,0.697,0.708,0.04,3
2.2090,2999.3,2998.9,0.710,0.708,0.04,3
2.2100,2999.3,2999.4,0.699,0.705,0.04,3
2.2110,2999.2,2999.8,0.708,0.703,0.04,3
2.2120,2999.2,2999.7,0.713,0.703,0.05,3
2.2130,2999.1,2999.3,0.708,0.706,0.05,3
2.2140,2999.3,2999.7,0.705,0.704,0.06,3
2.2150,2999.1,2998.3,0.691,0.711,0.05,3
2.2160,2999.2,2999.4,0.704,0.706,0.05,3
2.2170,2999.1,2999.1,0.700,0.707,0.05,3
2.2180,2999.1,2999.2,0.701,0.707,0.06,3
2.2190,2999.0,2999.2,0.698,0.707,0.05,3
2.2200,2998.9,2999.4,0.711,0.706,0.06,3
2.2210,2999.0,2998.4,0.696,0.711,0.06,3
2.2220,2999.1,2998.7,0.699,0.710,0.06,3
2.2230,2999.3,2999.0,0.701,0.708,0.06,3
2.2240,2999.4,2999.6,0.707,0.705,0.06,3
2.2250,2999.4,2999.8,0.705,0.704,0.05,3
2.2260,2999.4,2999.0,0.700,0.708,0.05,3
2.2270,2999.4,2999.5,0.707,0.706,0.05,3
2.2280,2999.4,2998.7,0.696,0.710,0.04,3
2.2290,2999.3,2998.5,0.691,0.711,0.04,3
2.2300,2999.4,2999.5,0.708,0.707,0.05,3
2.2310,2999.4,2999.9,0.709,0.704,0.05,3
2.2320,2999.3,2999.9,0.711,0.704,0.05,3
2.2330,2999.3,2999.1,0.688,0.708,0.05,3
2.2340,2999.2,2998.9,0.693,0.709,0.05,3
2.2350,2999.2,2999.8,0.712,0.705,0.06,3
2.2360,2999.2,2998.7,0.690,0.711,0.06,3
2.2370,2999.1,2999.3,0.705,0.708,0.05,3
2.2380,2999.3,2999.5,0.703,0.707,0.06,3
2.2390,2999.2,2999.3,0.696,0.708,0.06,3
2.2400,2999.1,2999.6,0.711,0.706,0.05,3
2.2410,2999.1,2998.8,0.705,0.711,0.06,3
2.2420,2999.2,2999.0,0.700,0.710,0.06,3
2.2430,2999.3,2999.8,0.710,0.706,0.05,3
2.2440,2999.3,2999.1,0.698,0.710,0.06,3
2.2450,2999.4,2999.8,0.717,0.706,0.06,3
2.2460,2999.4,2999.7,0.712,0.706,0.06,3
2.2470,2999.3,2999.4,0.710,0.708,0.05,3
2.2480,2999.4,2999.5,0.696,0.707,0.05,3
2.2490,2999.3,2999.0,0.691,0.710,0.05,3
2.2500,2999.2,2999.3,0.708,0.708,0.05,3
2.2510,2999.3,2999.7,0.712,0.707,0.06,3
2.2520,2999.3,2999.3,0.699,0.709,0.06,3
2.2530,2999.3,2999.6,0.714,0.707,0.05,3
2.2540,2999.3,2999.6,0.714,0.707,0.05,3
2.2550,2999.4,2998.9,0.686,0.711,0.06,3
2.2560,2999.4,2999.1,0.693,0.710,0.05,3
2.2570,2999.4,2999.3,0.702,0.709,0.05,3
2.2580,2999.5,3000.1,0.711,0.705,0.05,3
2.2590,2999.4,3000.4,0.722,0.703,0.05,3
2.2600,2999.4,2999.6,0.701,0.708,0.06,3
2.2610,2999.6,2999.7,0.710,0.707,0.07,3
2.2620,2999.5,2999.6,0.700,0.707,0.05,3
2.2630,2999.5,2999.9,0.704,0.706,0.05,3
2.2640,2999.4,2999.0,0.693,0.711,0.05,3
2.2650,2999.5,2999.4,0.717,0.709,0.06,3
2.2660,2999.6,2999.6,0.705,0.708,0.06,3
2.2670,2999.5,2999.4,0.697,0.709,0.05,3
2.2680,2999.6,3000.1,0.711,0.705,0.05,3
2.2690,2999.6,2999.3,0.694,0.709,0.05,3
2.2700,2999.5,2999.5,0.701,0.708,0.04,3
2.2710,2999.5,2999.4,0.694,0.709,0.05,3
2.2720,2999.5,2999.4,0.696,0.709,0.05,3
2.2730,2999.5,2999.6,0.699,0.708,0.05,3
2.2740,2999.7,2999.7,0.707,0.707,0.06,3
2.2750,2999.6,3000.2,0.708,0.705,0.05,3
2.2760,2999.6,3000.2,0.701,0.705,0.05,3
2.2770,2999.5,2999.3,0.702,0.710,0.06,3
2.2780,2999.5,2999.4,0.701,0.709,0.05,3
2.2790,2999.6,2999.1,0.694,0.711,0.06,3
2.2800,2999.7,2999.3,0.707,0.710,0.05,3
2.2810,2999.8,3000.4,0.712,0.704,0.05,3
2.2820,2999.6,2999.8,0.702,0.707,0.05,3
2.2830,2999.7,2999.1,0.701,0.711,0.05,3
2.2840,2999.9,2999.2,0.698,0.711,0.06,3
2.2850,2999.9,2999.4,0.698,0.709,0.05,3
2.2860,3000.1,3000.0,0.710,0.707,0.05,3
2.2870,3000.2,3000.1,0.708,0.706,0.05,3
2.2880,3000.3,3000.6,0.711,0.703,0.05,3
2.2890,3000.3,2999.2,0.690,0.711,0.04,3
2.2900,3000.4,3000.7,0.711,0.703,0.03,3
2.2910,3000.3,3000.4,0.692,0.705,0.03,3
2.2920,3000.1,3000.6,0.701,0.703,0.04,3
2.2930,3000.0,2999.8,0.689,0.707,0.05,3
2.2940,3000.0,3000.6,0.705,0.703,0.05,3
2.2950,2999.9,3000.2,0.708,0.705,0.06,3
2.2960,2999.9,3000.4,0.706,0.704,0.06,3
2.2970,2999.9,2999.6,0.703,0.708,0.07,3
2.2980,3000.0,2999.8,0.703,0.707,0.07,3
2.2990,3000.0,2999.2,0.684,0.711,0.06,3
2.3000,3000.1,2999.8,0.700,0.708,0.06,3
2.3010,3000.1,2999.5,0.695,0.709,0.05,3
2.3020,3000.2,2999.8,0.702,0.707,0.05,3
2.3030,3000.2,3000.6,0.707,0.703,0.05,3
2.3040,3000.2,3000.7,0.712,0.703,0.06,3
2.3050,3000.1,3000.3,0.698,0.705,0.06,3
2.3060,3000.0,2999.6,0.686,0.708,0.05,3
2.3070,3000.1,3000.5,0.707,0.704,0.06,3
2.3080,3000.0,2999.3,0.700,0.710,0.06,3
2.3090,3000.1,3000.5,0.721,0.704,0.06,3
2.3100,3000.1,3000.0,0.691,0.707,0.06,3
2.3110,3000.0,3000.5,0.705,0.704,0.05,3
2.3120,3000.0,3000.0,0.698,0.706,0.06,3
2.3130,3000.0,2999.8,0.705,0.708,0.07,3
2.3140,3000.0,2999.7,0.704,0.708,0.06,3
2.3150,2999.9,2999.2,0.694,0.711,0.06,3
2.3160,3000.0,2999.3,0.695,0.710,0.06,3
2.3170,3000.1,2999.6,0.698,0.709,0.05,3
2.3180,3000.1,2999.8,0.707,0.707,0.05,3
2.3190,3000.1,3000.8,0.705,0.702,0.05,3
2.3200,3000.1,3000.7,0.707,0.703,0.06,3
2.3210,3000.0,3000.5,0.710,0.704,0.06,3
2.3220,3000.1,2999.8,0.712,0.707,0.06,3
2.3230,3000.1,3000.0,0.706,0.707,0.06,3
2.3240,3000.1,2999.7,0.700,0.708,0.05,3
2.3250,3000.0,3000.4,0.706,0.704,0.05,3
2.3260,3000.0,2999.8,0.701,0.707,0.06,3
2.3270,3000.0,2999.9,0.703,0.707,0.06,3
2.3280,3000.0,2999.5,0.691,0.709,0.06,3
2.3290,2999.9,2999.5,0.696,0.709,0.05,3
2.3300,3000.0,3000.0,0.698,0.706,0.06,3
2.3310,3000.0,3000.0,0.697,0.707,0.06,3
2.3320,2999.9,2999.4,0.688,0.710,0.05,3
2.3330,2999.9,3000.9,0.714,0.702,0.06,3
2.3340,2999.9,2999.4,0.699,0.710,0.07,3
2.3350,2999.9,2999.8,0.697,0.708,0.06,3
2.3360,3000.0,2999.5,0.703,0.709,0.06,3
2.3370,3000.0,2999.6,0.693,0.709,0.06,3
2.3380,3000.0,3000.2,0.702,0.706,0.05,3
2.3390,3000.1,3000.2,0.705,0.705,0.06,3
2.3400,3000.1,3000.2,0.705,0.706,0.06,3
2.3410,3000.1,3000.7,0.714,0.703,0.06,3
2.3420,3000.1,3000.5,0.712,0.704,0.06,3
2.3430,3000.0,3000.1,0.700,0.706,0.05,3
2.3440,2999.9,2999.7,0.691,0.708,0.05,3
2.3450,2999.9,3000.0,0.698,0.707,0.05,3
2.3460,3000.0,3000.1,0.715,0.706,0.07,3
2.3470,3000.1,3000.4,0.712,0.704,0.07,3
2.3480,3000.0,2999.4,0.701,0.709,0.06,3
2.3490,3000.1,3000.8,0.724,0.702,0.06,3
2.3500,2999.9,3000.0,0.701,0.706,0.05,3
2.3510,3000.1,3000.5,0.709,0.704,0.07,3
2.3520,3000.0,3000.5,0.714,0.704,0.06,3
2.3530,3000.0,2999.5,0.690,0.709,0.06,3
2.3540,3000.1,3000.6,0.718,0.703,0.06,3
2.3550,3000.1,2999.7,0.703,0.708,0.06,3
2.3560,3000.2,3000.3,0.710,0.705,0.06,3
2.3570,3000.2,3000.5,0.711,0.704,0.05,3
2.3580,3000.0,2999.4,0.696,0.710,0.04,3
2.3590,3000.1,3000.6,0.708,0.703,0.05,3
2.3600,3000.1,3000.6,0.706,0.703,0.07,3
2.3610,3000.0,2999.7,0.705,0.708,0.06,3
2.3620,3000.1,3000.0,0.707,0.706,0.06,3
2.3630,3000.0,3000.3,0.707,0.705,0.06,3
2.3640,3000.0,3000.1,0.705,0.705,0.06,3
2.3650,3000.1,2999.6,0.700,0.708,0.07,3
2.3660,3000.1,2999.3,0.692,0.710,0.06,3
2.3670,3000.2,3000.4,0.713,0.704,0.06,3
2.3680,3000.2,3000.1,0.703,0.706,0.05,3
2.3690,3000.3,2999.7,0.690,0.708,0.05,3
2.3700,3000.3,3000.6,0.705,0.703,0.05,3
2.3710,3000.3,3000.7,0.700,0.703,0.05,3
2.3720,3000.2,2999.9,0.692,0.706,0.06,3
2.3730,3000.1,2999.8,0.700,0.707,0.05,3
2.3740,3000.1,3000.7,0.702,0.702,0.06,3
2.3750,3000.1,3000.9,0.701,0.701,0.07,3
2.3760,3000.0,3000.7,0.710,0.702,0.07,3
2.3770,3000.0,2999.9,0.698,0.707,0.07,3
2.3780,2999.9,3000.2,0.710,0.705,0.06,3
2.3790,2999.9,3000.6,0.709,0.703,0.06,3
2.3800,2999.8,2999.9,0.707,0.706,0.07,3
2.3810,2999.8,2999.5,0.705,0.708,0.06,3
2.3820,2999.8,2999.4,0.692,0.709,0.06,3
2.3830,2999.9,3000.2,0.710,0.705,0.07,3
2.3840,2999.9,2999.3,0.702,0.710,0.06,3
2.3850,3000.1,3000.0,0.693,0.706,0.06,3
2.3860,3000.1,2999.9,0.699,0.707,0.06,3
2.3870,3000.1,2999.9,0.703,0.706,0.05,3
2.3880,3000.0,2999.8,0.689,0.707,0.05,3
2.3890,3000.0,3000.1,0.705,0.706,0.06,3
2.3900,2999.9,3000.0,0.704,0.706,0.05,3
2.3910,2999.8,3000.3,0.715,0.704,0.05,3
2.3920,2999.8,3000.4,0.712,0.704,0.07,3
2.3930,2999.8,2999.5,0.688,0.709,0.06,3
2.3940,2999.9,3000.1,0.707,0.705,0.07,3
2.3950,2999.8,3000.3,0.707,0.704,0.06,3
2.3960,2999.7,2999.6,0.696,0.708,0.06,3
2.3970,2999.7,2999.9,0.705,0.707,0.06,3
2.3980,2999.6,2999.9,0.699,0.706,0.06,3
2.3990,2999.7,2999.7,0.711,0.708,0.06,3
2.4000,2999.8,2999.8,0.709,0.707,0.07,3
2.4010,2999.8,3000.3,0.708,0.704,0.06,3
2.4020,2999.8,2999.8,0.699,0.707,0.06,3
2.4030,2999.7,3000.1,0.707,0.705,0.05,3
2.4040,2999.7,3000.0,0.701,0.706,0.06,3
2.4050,2999.9,3000.7,0.722,0.702,0.07,3
2.4060,2999.8,2999.9,0.710,0.706,0.06,3
2.4070,2999.8,2999.5,0.696,0.709,0.06,3
2.4080,2999.8,3000.3,0.711,0.704,0.06,3
2.4090,2999.6,2999.5,0.697,0.709,0.05,3
2.4100,2999.7,2999.8,0.696,0.707,0.05,3
2.4110,2999.7,3000.0,0.700,0.706,0.06,3
2.4120,2999.7,2998.9,0.693,0.712,0.06,3
2.4130,2999.8,2999.6,0.695,0.709,0.05,3
2.4140,2999.7,2999.7,0.700,0.708,0.05,3
2.4150,2999.8,3000.4,0.713,0.704,0.06,3
2.4160,2999.7,2999.6,0.709,0.708,0.05,3
2.4170,2999.8,3000.0,0.703,0.706,0.05,3
2.4180,2999.8,2999.2,0.686,0.710,0.06,3
2.4190,2999.8,3000.0,0.706,0.706,0.05,3
2.4200,2999.8,3000.2,0.710,0.705,0.06,3
2.4210,2999.6,2999.2,0.699,0.711,0.05,3
2.4220,2999.8,3000.0,0.701,0.707,0.06,3
2.4230,2999.8,3000.2,0.716,0.706,0.06,3
2.4240,2999.9,2999.4,0.699,0.710,0.06,3
2.4250,2999.9,2999.6,0.706,0.709,0.06,3
2.4260,3000.0,3000.2,0.709,0.705,0.06,3
2.4270,3000.0,2999.9,0.707,0.707,0.05,3
2.4280,3000.1,3000.3,0.707,0.705,0.05,3
2.4290,3000.0,2999.7,0.696,0.708,0.05,3
2.4300,3000.0,2999.6,0.694,0.709,0.04,3
2.4310,2999.9,3000.5,0.707,0.704,0.04,3
2.4320,2999.9,2999.0,0.684,0.712,0.05,3
2.4330,3000.1,3000.5,0.718,0.704,0.06,3
2.4340,3000.0,2999.9,0.705,0.707,0.06,3
2.4350,3000.1,3000.5,0.709,0.704,0.06,3
2.4360,3000.1,3000.2,0.702,0.706,0.06,3
2.4370,2999.9,2999.8,0.698,0.707,0.04,3
2.4380,2999.9,3000.4,0.711,0.704,0.05,3
2.4390,2999.8,2999.4,0.695,0.710,0.06,3
2.4400,2999.8,2999.5,0.700,0.709,0.06,3
2.4410,2999.8,2999.7,0.709,0.708,0.06,3
2.4420,2999.9,3000.3,0.704,0.705,0.06,3
2.4430,2999.8,2999.4,0.692,0.710,0.06,3
2.4440,2999.8,3000.4,0.706,0.704,0.05,3
2.4450,2999.8,3000.3,0.710,0.705,0.07,3
2.4460,2999.7,2999.7,0.700,0.708,0.06,3
2.4470,2999.7,2999.6,0.702,0.709,0.06,3
2.4480,2999.7,3000.2,0.711,0.705,0.06,3
2.4490,2999.7,3000.3,0.717,0.705,0.07,3
2.4500,2999.8,2999.3,0.700,0.710,0.06,3
2.4510,2999.9,2999.3,0.708,0.710,0.06,3
2.4520,3000.0,2999.9,0.702,0.707,0.06,3
2.4530,3000.0,2999.4,0.696,0.710,0.05,3
2.4540,3000.1,3000.6,0.708,0.704,0.05,3
2.4550,3000.0,3000.3,0.713,0.705,0.05,3
2.4560,3000.1,3000.2,0.704,0.705,0.05,3
2.4570,3000.0,2999.9,0.695,0.707,0.05,3
2.4580,3000.1,3000.3,0.704,0.705,0.06,3
2.4590,3000.1,3000.1,0.697,0.706,0.05,3
2.4600,3000.1,3000.2,0.707,0.705,0.05,3
2.4610,3000.1,3000.2,0.693,0.706,0.06,3
2.4620,3000.1,3000.5,0.709,0.704,0.05,3
2.4630,3000.0,2999.9,0.697,0.707,0.05,3
2.4640,2999.9,3000.2,0.704,0.705,0.05,3
2.4650,2999.9,3000.5,0.705,0.704,0.06,3
2.4660,2999.8,3000.2,0.710,0.705,0.06,3
2.4670,2999.8,3000.2,0.702,0.705,0.07,3
2.4680,2999.9,3000.1,0.704,0.706,0.07,3
2.4690,3000.0,3000.1,0.705,0.706,0.07,3
2.4700,3000.0,3000.1,0.700,0.706,0.07,3
2.4710,3000.0,3000.0,0.703,0.707,0.05,3
2.4720,2999.9,3000.1,0.702,0.706,0.05,3
2.4730,2999.9,3000.4,0.703,0.704,0.06,3
2.4740,2999.8,2999.5,0.694,0.709,0.05,3
2.4750,2999.8,2999.6,0.696,0.708,0.06,3
2.4760,2999.9,2999.9,0.705,0.707,0.06,3
2.4770,2999.8,3000.1,0.708,0.706,0.06,3
2.4780,2999.8,2999.4,0.697,0.710,0.06,3
2.4790,2999.9,2999.4,0.702,0.710,0.07,3
2.4800,3000.0,3000.3,0.712,0.705,0.06,3
2.4810,3000.0,2999.4,0.687,0.710,0.06,3
2.4820,3000.0,3000.2,0.712,0.705,0.05,3
2.4830,3000.1,3000.2,0.706,0.705,0.06,3
2.4840,3000.1,2999.9,0.699,0.707,0.05,3
2.4850,3000.1,2999.8,0.698,0.708,0.05,3
2.4860,3000.1,2999.6,0.694,0.709,0.05,3
2.4870,3000.2,3000.4,0.701,0.705,0.05,3
2.4880,3000.1,2999.7,0.699,0.708,0.05,3
2.4890,3000.1,3001.2,0.722,0.700,0.05,3
2.4900,3000.0,3000.3,0.703,0.705,0.06,3
2.4910,2999.9,3000.0,0.699,0.706,0.06,3
2.4920,2999.9,2999.7,0.696,0.708,0.06,3
2.4930,2999.9,3000.5,0.712,0.704,0.06,3
2.4940,2999.8,2999.7,0.696,0.708,0.07,3
2.4950,2999.8,3000.3,0.705,0.705,0.06,3
2.4960,2999.7,2999.5,0.699,0.709,0.07,3
2.4970,2999.8,3000.2,0.709,0.705,0.07,3
2.4980,2999.7,2998.8,0.684,0.713,0.06,3
2.4990,2999.8,3000.2,0.706,0.706,0.06,3
2.5000,2999.7,2999.9,0.705,0.707,0.06,3
2.5010,2999.6,2998.9,0.689,0.713,0.05,3
2.5020,2999.7,3000.7,0.723,0.703,0.06,3
2.5030,2999.7,2999.5,0.693,0.709,0.06,3
2.5040,2999.8,2999.5,0.708,0.709,0.07,3
2.5050,2999.9,2999.3,0.693,0.711,0.06,3
2.5060,3000.0,2999.5,0.695,0.709,0.05,3
2.5070,3000.1,3000.3,0.705,0.705,0.05,3
2.5080,3000.2,3000.2,0.698,0.706,0.05,3
2.5090,3000.2,3000.5,0.705,0.704,0.05,3
2.5100,3000.1,3000.1,0.699,0.706,0.04,3
2.5110,3000.0,3000.5,0.700,0.704,0.04,3
2.5120,2999.9,3000.4,0.715,0.704,0.05,3
2.5130,2999.9,2999.9,0.693,0.707,0.06,3
2.5140,2999.8,3000.3,0.708,0.705,0.06,3
2.5150,2999.8,2999.8,0.703,0.708,0.06,3
2.5160,2999.8,3000.1,0.709,0.706,0.06,3
2.5170,2999.7,3000.0,0.703,0.707,0.06,3
2.5180,2999.8,2999.6,0.692,0.709,0.07,3
2.5190,2999.8,2998.9,0.700,0.713,0.07,3
2.5200,3000.0,2999.8,0.702,0.708,0.05,3
2.5210,3000.2,2999.4,0.702,0.710,0.06,3
2.5220,3000.2,3000.9,0.714,0.702,0.05,3
2.5230,3000.3,2999.6,0.699,0.709,0.05,3
2.5240,3000.4,3000.2,0.700,0.706,0.05,3
2.5250,3000.4,3000.3,0.707,0.705,0.05,3
2.5260,3000.5,3000.2,0.698,0.706,0.05,3
2.5270,3000.3,3000.5,0.709,0.704,0.03,3
2.5280,3000.3,3001.2,0.704,0.701,0.05,3
2.5290,3000.2,3000.6,0.703,0.703,0.06,3
2.5300,3000.1,2999.9,0.694,0.707,0.05,3
2.5310,3000.0,3000.6,0.706,0.703,0.06,3
2.5320,3000.1,3000.3,0.715,0.705,0.07,3
2.5330,3000.1,3000.5,0.710,0.704,0.07,3
2.5340,3000.1,3000.0,0.700,0.706,0.07,3
2.5350,3000.0,2999.0,0.688,0.712,0.06,3
2.5360,3000.1,2999.9,0.698,0.707,0.05,3
2.5370,3000.1,3000.2,0.700,0.705,0.06,3
2.5380,3000.1,3001.2,0.707,0.700,0.06,3
2.5390,2999.9,2999.3,0.680,0.710,0.06,3
2.5400,3000.0,2999.8,0.695,0.708,0.06,3
2.5410,3000.0,2999.5,0.698,0.709,0.06,3
2.5420,3000.0,2999.6,0.689,0.709,0.05,3
2.5430,3000.0,3000.5,0.718,0.704,0.06,3
2.5440,2999.9,2999.3,0.703,0.710,0.06,3
2.5450,2999.9,2999.2,0.694,0.711,0.05,3
2.5460,3000.0,2999.9,0.701,0.707,0.05,3
2.5470,3000.1,2999.8,0.702,0.708,0.06,3
2.5480,3000.1,3000.3,0.704,0.705,0.05,3
2.5490,3000.1,3000.6,0.702,0.703,0.05,3
2.5500,3000.0,3000.5,0.704,0.704,0.06,3
2.5510,3000.1,2999.6,0.695,0.709,0.06,3
2.5520,3000.2,2999.8,0.710,0.708,0.06,3
2.5530,3000.2,3000.4,0.701,0.705,0.06,3
2.5540,3000.1,3000.3,0.707,0.705,0.05,3
2.5550,3000.0,2999.9,0.695,0.707,0.05,3
2.5560,2999.9,3000.6,0.713,0.703,0.06,3
2.5570,2999.8,2999.8,0.700,0.708,0.06,3
2.5580,2999.8,3000.2,0.699,0.705,0.06,3
2.5590,2999.8,3000.0,0.700,0.707,0.07,3
2.5600,2999.9,2999.9,0.705,0.707,0.07,3
2.5610,2999.9,3000.5,0.698,0.704,0.06,3
2.5620,2999.9,3000.8,0.720,0.702,0.07,3
2.5630,2999.8,3000.3,0.716,0.705,0.06,3
2.5640,2999.8,3000.4,0.706,0.704,0.07,3
2.5650,2999.7,3000.1,0.712,0.706,0.07,3
2.5660,2999.7,3000.2,0.699,0.705,0.06,3
2.5670,2999.7,2999.8,0.709,0.707,0.06,3
2.5680,2999.8,3000.3,0.706,0.705,0.07,3
2.5690,2999.7,2999.5,0.693,0.709,0.06,3
2.5700,2999.8,2999.5,0.698,0.709,0.07,3
2.5710,2999.8,2999.6,0.708,0.709,0.05,3
2.5720,2999.8,2999.5,0.691,0.709,0.05,3
2.5730,3000.0,2999.6,0.699,0.709,0.06,3
2.5740,2999.9,2999.2,0.700,0.711,0.04,3
2.5750,2999.9,3000.1,0.704,0.706,0.04,3
2.5760,2999.9,3000.5,0.702,0.704,0.05,3
2.5770,2999.8,2999.7,0.701,0.708,0.04,3
2.5780,2999.8,3000.6,0.717,0.703,0.06,3
2.5790,2999.7,2999.4,0.695,0.710,0.06,3
2.5800,2999.7,3000.1,0.711,0.706,0.06,3
2.5810,2999.8,2999.6,0.700,0.709,0.07,3
2.5820,2999.8,2999.4,0.693,0.710,0.06,3
2.5830,2999.7,3000.2,0.712,0.706,0.05,3
2.5840,2999.8,3000.3,0.710,0.705,0.06,3
2.5850,2999.8,2999.9,0.695,0.707,0.06,3
2.5860,2999.8,3000.3,0.707,0.705,0.05,3
2.5870,2999.8,2999.7,0.700,0.708,0.06,3
2.5880,2999.9,3000.2,0.712,0.705,0.06,3
2.5890,2999.8,2998.9,0.683,0.712,0.05,3
2.5900,2999.9,2999.5,0.695,0.709,0.05,3
2.5910,3000.0,3000.3,0.711,0.705,0.06,3
2.5920,2999.9,2999.0,0.692,0.712,0.05,3
2.5930,3000.0,2999.9,0.705,0.707,0.05,3
2.5940,3000.1,2999.7,0.711,0.708,0.05,3
2.5950,3000.1,3000.9,0.713,0.702,0.05,3
2.5960,3000.2,3000.3,0.709,0.705,0.05,3
2.5970,3000.2,3000.3,0.700,0.705,0.06,3
2.5980,3000.3,2999.3,0.691,0.711,0.06,3
2.5990,3000.4,2999.9,0.693,0.707,0.05,3
2.6000,3000.3,3000.5,0.707,0.704,0.05,3
2.6010,3000.2,3000.0,0.696,0.707,0.04,3
2.6020,3000.2,3000.3,0.698,0.705,0.04,3
2.6030,3000.1,2999.9,0.696,0.707,0.05,3
2.6040,3000.1,3000.0,0.694,0.707,0.05,3
2.6050,3000.0,3000.5,0.701,0.704,0.05,3
2.6060,3000.0,3000.1,0.701,0.706,0.06,3
2.6070,3000.0,3000.0,0.701,0.707,0.06,3
2.6080,3000.0,3000.3,0.710,0.705,0.06,3
2.6090,3000.0,2999.5,0.697,0.709,0.07,3
2.6100,3000.1,3000.2,0.712,0.705,0.07,3
2.6110,3000.1,2999.5,0.696,0.710,0.06,3
2.6120,3000.1,3000.9,0.713,0.702,0.05,3
2.6130,3000.0,2999.7,0.688,0.708,0.05,3
2.6140,3000.1,3000.2,0.701,0.706,0.06,3
2.6150,3000.0,3000.5,0.710,0.704,0.06,3
2.6160,2999.9,3000.6,0.707,0.704,0.05,3
2.6170,2999.8,3000.1,0.700,0.706,0.06,3
2.6180,2999.8,2998.9,0.700,0.712,0.07,3
2.6190,3000.0,3000.1,0.720,0.706,0.07,3
2.6200,3000.1,2999.9,0.708,0.707,0.07,3
2.6210,2999.9,2999.1,0.688,0.711,0.05,3
2.6220,3000.0,3000.6,0.714,0.703,0.05,3
2.6230,2999.9,2999.6,0.698,0.709,0.05,3
2.6240,2999.7,2999.4,0.693,0.710,0.04,3
2.6250,2999.7,3000.3,0.701,0.705,0.05,3
2.6260,2999.6,2999.6,0.701,0.709,0.06,3
2.6270,2999.6,2999.4,0.698,0.710,0.06,3
2.6280,2999.7,3000.0,0.717,0.707,0.07,3
2.6290,2999.7,2999.5,0.707,0.710,0.06,3
2.6300,2999.8,3000.3,0.705,0.705,0.06,3
2.6310,2999.8,2999.4,0.701,0.710,0.06,3
2.6320,2999.8,3000.0,0.714,0.707,0.05,3
2.6330,2999.8,3000.3,0.709,0.705,0.05,3
2.6340,2999.7,3000.0,0.711,0.707,0.05,3
2.6350,2999.7,2999.6,0.698,0.709,0.06,3
2.6360,2999.6,2999.8,0.714,0.708,0.06,3
2.6370,2999.7,2999.4,0.698,0.710,0.06,3
2.6380,2999.7,3000.5,0.712,0.704,0.06,3
2.6390,2999.7,3000.1,0.709,0.706,0.06,3
2.6400,2999.7,2999.2,0.697,0.711,0.05,3
2.6410,2999.8,2999.1,0.703,0.712,0.05,3
2.6420,2999.9,3000.0,0.716,0.707,0.05,3
2.6430,3000.0,2999.7,0.700,0.709,0.05,3
2.6440,3000.1,2999.8,0.700,0.708,0.05,3
2.6450,3000.2,3000.8,0.723,0.703,0.05,3
2.6460,3000.2,3000.6,0.711,0.704,0.05,3
2.6470,3000.1,3000.0,0.696,0.707,0.04,3
2.6480,3000.2,3000.6,0.695,0.704,0.05,3
2.6490,3000.1,3000.9,0.711,0.702,0.05,3
2.6500,3000.1,2999.7,0.688,0.708,0.05,3
2.6510,3000.0,3000.4,0.698,0.705,0.05,3
2.6520,3000.0,2999.8,0.690,0.708,0.06,3
2.6530,2999.9,3000.1,0.706,0.706,0.06,3
2.6540,3000.0,2999.4,0.690,0.710,0.06,3
2.6550,3000.2,3001.2,0.722,0.701,0.07,3
2.6560,3000.1,2999.9,0.701,0.707,0.06,3
2.6570,3000.2,3000.6,0.712,0.704,0.06,3
2.6580,3000.1,2999.8,0.704,0.708,0.06,3
2.6590,3000.1,2999.6,0.693,0.709,0.05,3
2.6600,3000.1,3000.3,0.706,0.705,0.05,3
2.6610,3000.1,3000.5,0.704,0.704,0.05,3
2.6620,3000.0,3000.4,0.699,0.705,0.06,3
2.6630,2999.9,2999.5,0.693,0.709,0.06,3
2.6640,3000.0,3000.1,0.707,0.706,0.06,3
2.6650,3000.0,3000.5,0.712,0.704,0.07,3
2.6660,3000.0,2999.8,0.696,0.708,0.07,3
2.6670,2999.9,3000.0,0.701,0.707,0.05,3
2.6680,2999.9,2999.7,0.698,0.708,0.06,3
2.6690,2999.9,2999.3,0.694,0.711,0.07,3
2.6700,2999.9,2999.3,0.696,0.711,0.06,3
2.6710,3000.0,3000.7,0.714,0.703,0.06,3
2.6720,3000.0,3000.3,0.706,0.705,0.07,3
2.6730,2999.8,2999.7,0.696,0.708,0.05,3
2.6740,2999.8,3000.5,0.709,0.704,0.05,3
2.6750,2999.7,2999.5,0.696,0.709,0.06,3
2.6760,2999.7,3000.0,0.714,0.707,0.06,3
2.6770,2999.7,2999.9,0.702,0.708,0.06,3
2.6780,2999.6,2999.1,0.699,0.712,0.06,3
2.6790,2999.6,3000.0,0.709,0.707,0.05,3
2.6800,2999.6,3000.0,0.701,0.707,0.06,3
2.6810,2999.6,3000.2,0.717,0.706,0.07,3
2.6820,2999.6,2999.9,0.707,0.707,0.06,3
2.6830,2999.6,2999.1,0.691,0.712,0.06,3
2.6840,2999.8,2999.8,0.709,0.708,0.06,3
2.6850,2999.9,2999.3,0.698,0.711,0.06,3
2.6860,2999.9,2999.0,0.696,0.712,0.05,3
2.6870,3000.0,3000.0,0.702,0.707,0.04,3
2.6880,2999.9,2999.1,0.689,0.712,0.04,3
2.6890,3000.1,3000.6,0.710,0.704,0.05,3
2.6900,3000.0,2999.5,0.697,0.710,0.04,3
2.6910,3000.2,3000.4,0.709,0.705,0.05,3
2.6920,3000.2,3000.2,0.705,0.706,0.05,3
2.6930,3000.2,3000.4,0.708,0.705,0.04,3
2.6940,3000.2,3000.9,0.708,0.703,0.05,3
2.6950,3000.1,2999.4,0.699,0.710,0.05,3
2.6960,3000.1,2999.6,0.695,0.709,0.05,3
2.6970,3000.2,3000.7,0.714,0.704,0.06,3
2.6980,3000.2,3000.3,0.707,0.705,0.07,3
2.6990,3000.1,3000.4,0.705,0.705,0.05,3
2.7000,3000.0,3000.5,0.705,0.705,0.05,3
2.7010,3000.0,3000.8,0.704,0.703,0.06,3
2.7020,2999.9,2999.7,0.692,0.709,0.06,3
2.7030,3000.0,2999.8,0.710,0.708,0.07,3
2.7040,3000.1,2999.8,0.700,0.708,0.07,3
2.7050,3000.2,3000.9,0.712,0.702,0.06,3
2.7060,3000.0,3000.6,0.710,0.704,0.06,3
2.7070,3000.0,3000.4,0.709,0.705,0.06,3
2.7080,3000.0,2999.5,0.700,0.709,0.06,3
2.7090,3000.2,3000.5,0.715,0.704,0.07,3
2.7100,3000.1,2999.9,0.701,0.707,0.05,3
2.7110,3000.1,3000.1,0.706,0.707,0.05,3
2.7120,3000.0,3000.1,0.705,0.706,0.05,3
2.7130,3000.1,3000.0,0.700,0.707,0.06,3
2.7140,3000.2,2999.6,0.698,0.709,0.06,3
2.7150,3000.2,3000.1,0.700,0.707,0.05,3
2.7160,3000.3,3000.3,0.705,0.705,0.06,3
2.7170,3000.3,2999.7,0.688,0.708,0.05,3
2.7180,3000.3,3000.3,0.699,0.705,0.05,3
2.7190,3000.2,3000.3,0.701,0.705,0.05,3
2.7200,3000.1,3000.6,0.707,0.704,0.05,3
2.7210,3000.0,3000.3,0.697,0.705,0.06,3
2.7220,3000.1,3000.5,0.701,0.704,0.07,3
2.7230,3000.0,2999.9,0.698,0.707,0.07,3
2.7240,3000.0,2999.4,0.693,0.710,0.07,3
2.7250,3000.0,2999.5,0.695,0.710,0.06,3
2.7260,3000.1,2999.9,0.709,0.708,0.06,3
2.7270,3000.1,3000.2,0.704,0.706,0.06,3
2.7280,3000.0,3000.8,0.711,0.703,0.06,3
2.7290,3000.0,2999.7,0.694,0.708,0.06,3
2.7300,3000.0,3000.6,0.711,0.704,0.06,3
2.7310,3000.0,2999.9,0.690,0.707,0.06,3
2.7320,3000.0,3000.1,0.706,0.706,0.06,3
2.7330,3000.0,3000.5,0.709,0.704,0.06,3
2.7340,2999.9,2999.6,0.697,0.709,0.06,3
2.7350,3000.0,3000.5,0.717,0.704,0.06,3
2.7360,2999.9,2999.6,0.695,0.708,0.06,3
2.7370,3000.0,3000.0,0.706,0.706,0.06,3
2.7380,3000.0,3000.0,0.700,0.707,0.06,3
2.7390,2999.9,3000.0,0.699,0.706,0.05,3
2.7400,2999.9,2999.5,0.694,0.709,0.06,3
2.7410,3000.0,2999.3,0.697,0.710,0.06,3
2.7420,3000.1,2999.7,0.701,0.708,0.05,3
2.7430,3000.2,2999.6,0.688,0.709,0.06,3
2.7440,3000.2,2999.5,0.701,0.709,0.05,3
2.7450,3000.3,3000.4,0.710,0.704,0.05,3
2.7460,3000.3,3000.6,0.706,0.704,0.05,3
2.7470,3000.1,3000.3,0.714,0.705,0.05,3
2.7480,3000.2,3000.4,0.696,0.704,0.06,3
2.7490,3000.1,2999.8,0.703,0.708,0.06,3
2.7500,3000.2,3000.2,0.702,0.706,0.06,3
2.7510,3000.2,3000.5,0.703,0.704,0.06,3
2.7520,3000.1,2999.8,0.707,0.708,0.06,3
2.7530,3000.1,3000.2,0.711,0.706,0.06,3
2.7540,3000.1,2999.7,0.693,0.708,0.06,3
2.7550,3000.1,3000.1,0.698,0.706,0.05,3
2.7560,3000.0,3001.0,0.713,0.701,0.06,3
2.7570,3000.0,3000.4,0.701,0.704,0.07,3
2.7580,3000.0,3000.5,0.723,0.704,0.07,3
2.7590,3000.0,3000.1,0.702,0.706,0.07,3
2.7600,3000.0,2999.9,0.700,0.707,0.07,3
2.7610,2999.9,2999.9,0.703,0.707,0.06,3
2.7620,3000.0,3000.8,0.723,0.702,0.06,3
2.7630,3000.0,3000.2,0.707,0.706,0.07,3
2.7640,2999.9,3000.2,0.696,0.705,0.06,3
2.7650,2999.9,2999.5,0.697,0.709,0.06,3
2.7660,2999.9,3000.1,0.709,0.706,0.06,3
2.7670,2999.9,2999.7,0.697,0.708,0.06,3
2.7680,3000.0,3000.4,0.712,0.704,0.07,3
2.7690,2999.9,2999.9,0.697,0.707,0.06,3
2.7700,2999.8,2999.7,0.693,0.708,0.05,3
2.7710,2999.7,3000.6,0.701,0.703,0.06,3
2.7720,2999.7,2999.7,0.707,0.708,0.07,3
2.7730,2999.7,2999.2,0.693,0.711,0.06,3
2.7740,2999.9,2999.7,0.708,0.708,0.07,3
2.7750,2999.9,2999.9,0.713,0.707,0.06,3
2.7760,2999.9,3000.2,0.703,0.705,0.06,3
2.7770,2999.9,2999.5,0.696,0.709,0.06,3
2.7780,3000.0,3000.5,0.709,0.704,0.05,3
2.7790,2999.8,3000.3,0.712,0.705,0.05,3
2.7800,2999.8,2999.7,0.694,0.708,0.05,3
2.7810,2999.7,2999.9,0.710,0.707,0.05,3
2.7820,2999.8,3000.8,0.722,0.702,0.07,3
2.7830,2999.7,2999.9,0.706,0.707,0.06,3
2.7840,2999.7,3000.3,0.711,0.705,0.06,3
2.7850,2999.8,3000.0,0.704,0.707,0.06,3
2.7860,2999.9,2999.6,0.701,0.708,0.07,3
2.7870,3000.0,2999.9,0.708,0.707,0.06,3
2.7880,3000.0,2998.9,0.696,0.712,0.04,3
2.7890,3000.0,2999.9,0.694,0.707,0.04,3
2.7900,3000.0,3000.0,0.700,0.706,0.04,3
2.7910,3000.0,3000.6,0.710,0.703,0.05,3
2.7920,3000.0,2999.2,0.692,0.711,0.06,3
2.7930,3000.0,3000.5,0.721,0.704,0.05,3
2.7940,3000.0,3000.7,0.700,0.703,0.06,3
2.7950,2999.9,2999.4,0.690,0.710,0.05,3
2.7960,2999.9,3000.1,0.697,0.706,0.05,3
2.7970,2999.9,2999.9,0.699,0.707,0.06,3
2.7980,2999.9,3000.0,0.711,0.707,0.06,3
2.7990,3000.0,2999.7,0.697,0.708,0.07,3
2.8000,3000.1,2999.9,0.705,0.707,0.06,3
2.8010,3000.2,3000.6,0.705,0.703,0.06,3
2.8020,3000.1,3000.2,0.708,0.705,0.05,3
2.8030,3000.2,2999.8,0.698,0.708,0.05,3
2.8040,3000.2,3000.6,0.705,0.703,0.05,3
2.8050,3000.3,3000.5,0.713,0.704,0.06,3
2.8060,3000.3,3000.6,0.711,0.703,0.06,3
2.8070,3000.2,3000.2,0.696,0.705,0.05,3
2.8080,3000.2,2999.6,0.692,0.709,0.05,3
2.8090,3000.2,3000.4,0.699,0.704,0.05,3
2.8100,3000.2,3000.4,0.696,0.704,0.06,3
2.8110,3000.2,3000.5,0.712,0.704,0.06,3
2.8120,3000.2,3000.1,0.696,0.706,0.06,3
2.8130,3000.2,3000.2,0.707,0.705,0.06,3
2.8140,3000.2,3000.0,0.700,0.706,0.06,3
2.8150,3000.2,2999.6,0.691,0.708,0.05,3
2.8160,3000.3,3000.3,0.699,0.705,0.06,3
2.8170,3000.3,3000.5,0.697,0.703,0.06,3
2.8180,3000.4,3000.0,0.698,0.706,0.06,3
2.8190,3000.4,2999.4,0.688,0.709,0.05,3
2.8200,3000.4,3000.7,0.709,0.702,0.05,3
2.8210,3000.3,3001.1,0.708,0.700,0.05,3
2.8220,3000.3,2999.9,0.698,0.706,0.06,3
2.8230,3000.2,2999.9,0.694,0.707,0.05,3
2.8240,3000.4,3000.3,0.701,0.704,0.07,3
2.8250,3000.4,3000.3,0.716,0.705,0.07,3
2.8260,3000.4,3000.0,0.698,0.706,0.06,3
2.8270,3000.4,3000.5,0.700,0.703,0.05,3
2.8280,3000.2,3000.6,0.707,0.703,0.05,3
2.8290,3000.1,3000.7,0.706,0.702,0.06,3
2.8300,3000.0,3000.6,0.709,0.702,0.07,3
2.8310,3000.0,3000.0,0.695,0.706,0.08,3
2.8320,3000.0,3000.0,0.706,0.706,0.08,3
2.8330,2999.9,3000.5,0.714,0.703,0.07,3
2.8340,2999.9,2999.9,0.700,0.706,0.08,3
2.8350,2999.9,3000.1,0.703,0.705,0.07,3
2.8360,2999.9,2999.5,0.694,0.708,0.07,3
2.8370,2999.8,2999.7,0.705,0.707,0.06,3
2.8380,2999.9,3000.7,0.711,0.702,0.07,3
2.8390,2999.8,2998.8,0.681,0.712,0.07,3
2.8400,2999.9,2999.8,0.708,0.707,0.06,3
2.8410,2999.9,3000.6,0.703,0.703,0.07,3
2.8420,2999.7,3000.6,0.719,0.703,0.06,3
2.8430,2999.8,2999.2,0.691,0.710,0.06,3
2.8440,2999.8,3000.2,0.702,0.705,0.06,3
2.8450,2999.7,2999.8,0.709,0.707,0.06,3
2.8460,2999.8,3000.0,0.703,0.706,0.07,3
2.8470,2999.8,3000.0,0.715,0.706,0.07,3
2.8480,2999.9,2999.7,0.703,0.708,0.06,3
2.8490,3000.0,3000.2,0.714,0.705,0.06,3
2.8500,2999.9,2999.6,0.694,0.708,0.05,3
2.8510,3000.0,3000.7,0.708,0.702,0.05,3
2.8520,3000.0,3000.4,0.707,0.703,0.06,3
2.8530,2999.9,2999.7,0.700,0.707,0.05,3
2.8540,2999.9,3000.2,0.697,0.705,0.05,3
2.8550,2999.9,2999.3,0.692,0.710,0.06,3
2.8560,3000.0,2999.5,0.700,0.709,0.06,3
2.8570,3000.0,2999.4,0.697,0.709,0.05,3
2.8580,2999.8,2999.5,0.689,0.709,0.03,3
2.8590,2999.9,3000.9,0.714,0.701,0.05,3
2.8600,2999.8,2999.6,0.696,0.708,0.06,3
2.8610,2999.9,2999.8,0.705,0.707,0.06,3
2.8620,2999.8,3000.1,0.693,0.705,0.06,3
2.8630,2999.7,2999.8,0.704,0.707,0.06,3
2.8640,2999.8,3000.4,0.712,0.704,0.07,3
2.8650,2999.9,3000.2,0.715,0.705,0.07,3
2.8660,2999.8,2999.9,0.710,0.707,0.06,3
2.8670,2999.8,2999.9,0.704,0.707,0.06,3
2.8680,2999.8,3000.1,0.715,0.705,0.06,3
2.8690,2999.7,2999.8,0.697,0.707,0.06,3
2.8700,2999.7,2999.5,0.694,0.708,0.06,3
2.8710,2999.8,3000.2,0.704,0.705,0.06,3
2.8720,2999.7,2999.8,0.704,0.707,0.06,3
2.8730,2999.6,2999.6,0.694,0.708,0.05,3
2.8740,2999.6,3000.2,0.700,0.705,0.06,3
2.8750,2999.6,3000.1,0.709,0.705,0.06,3
2.8760,2999.6,2999.5,0.709,0.709,0.06,3
2.8770,2999.7,2999.3,0.701,0.710,0.06,3
2.8780,2999.7,2999.2,0.702,0.710,0.05,3
2.8790,2999.7,2999.6,0.704,0.708,0.05,3
2.8800,2999.8,2999.5,0.706,0.709,0.05,3
2.8810,2999.9,2999.8,0.700,0.707,0.06,3
2.8820,3000.0,3000.3,0.712,0.705,0.05,3
2.8830,2999.9,3000.0,0.700,0.706,0.04,3
2.8840,2999.9,2999.9,0.703,0.707,0.05,3
2.8850,2999.9,3000.5,0.708,0.703,0.05,3
2.8860,2999.8,3000.1,0.705,0.706,0.05,3
2.8870,2999.8,2999.7,0.704,0.708,0.06,3
2.8880,2999.7,2999.4,0.700,0.709,0.06,3
2.8890,2999.8,3000.0,0.702,0.707,0.06,3
2.8900,2999.8,2999.7,0.710,0.708,0.06,3
2.8910,2999.8,3000.1,0.711,0.706,0.06,3
2.8920,2999.8,3000.0,0.700,0.707,0.06,3
2.8930,2999.8,3000.2,0.712,0.705,0.06,3
2.8940,2999.8,2999.5,0.701,0.709,0.06,3
2.8950,2999.9,2999.9,0.703,0.707,0.06,3
2.8960,3000.0,2999.8,0.696,0.707,0.06,3
2.8970,2999.9,3000.1,0.698,0.706,0.04,3
2.8980,2999.9,2999.8,0.704,0.707,0.05,3
2.8990,2999.8,2999.6,0.686,0.709,0.05,3
2.9000,2999.8,3000.1,0.714,0.706,0.05,3
2.9010,2999.8,3000.8,0.703,0.702,0.06,3
2.9020,2999.6,3000.0,0.697,0.707,0.06,3
2.9030,2999.6,2999.7,0.698,0.708,0.06,3
2.9040,2999.6,3000.1,0.706,0.706,0.07,3
2.9050,2999.6,2999.8,0.709,0.708,0.07,3
2.9060,2999.6,2999.9,0.706,0.707,0.07,3
2.9070,2999.6,2999.6,0.699,0.709,0.06,3
2.9080,2999.7,2999.3,0.694,0.710,0.06,3
2.9090,2999.8,2999.5,0.703,0.709,0.06,3
2.9100,2999.8,2999.8,0.706,0.708,0.05,3
2.9110,2999.9,3000.2,0.702,0.705,0.05,3
2.9120,3000.0,3000.0,0.705,0.707,0.06,3
2.9130,2999.9,2999.3,0.698,0.710,0.04,3
2.9140,3000.0,3000.5,0.709,0.704,0.05,3
2.9150,2999.9,2999.7,0.705,0.708,0.05,3
2.9160,3000.0,2999.4,0.695,0.710,0.05,3
2.9170,3000.0,3000.0,0.710,0.707,0.05,3
2.9180,3000.0,3000.1,0.699,0.706,0.05,3
2.9190,3000.1,3000.8,0.716,0.703,0.06,3
2.9200,3000.0,2999.8,0.692,0.708,0.06,3
2.9210,3000.0,3000.1,0.705,0.706,0.05,3
2.9220,3000.1,3000.3,0.698,0.705,0.06,3
2.9230,3000.1,3000.0,0.705,0.706,0.06,3
2.9240,3000.0,3000.5,0.704,0.704,0.05,3
2.9250,2999.9,3000.1,0.693,0.706,0.05,3
2.9260,2999.9,3000.3,0.699,0.705,0.06,3
2.9270,2999.9,2999.9,0.706,0.707,0.06,3
2.9280,2999.9,3000.1,0.694,0.706,0.06,3
2.9290,2999.9,2999.9,0.695,0.707,0.06,3
2.9300,2999.9,2999.5,0.696,0.709,0.06,3
2.9310,2999.8,3000.4,0.711,0.705,0.05,3
2.9320,2999.9,3000.1,0.702,0.706,0.06,3
2.9330,2999.8,3000.3,0.713,0.705,0.06,3
2.9340,2999.7,3000.0,0.705,0.706,0.06,3
2.9350,2999.9,2999.2,0.708,0.711,0.07,3
2.9360,2999.9,3000.1,0.709,0.706,0.06,3
2.9370,3000.0,2999.7,0.699,0.708,0.06,3
2.9380,3000.1,2999.0,0.686,0.712,0.05,3
2.9390,3000.2,3000.7,0.714,0.703,0.05,3
2.9400,3000.2,2999.8,0.704,0.707,0.05,3
2.9410,3000.2,3000.2,0.693,0.706,0.04,3
2.9420,3000.2,3001.0,0.709,0.701,0.04,3
2.9430,3000.0,2999.9,0.691,0.707,0.05,3
2.9440,3000.0,3000.4,0.702,0.704,0.05,3
2.9450,3000.0,3000.4,0.704,0.704,0.06,3
2.9460,2999.9,2999.4,0.699,0.710,0.06,3
2.9470,2999.9,3000.4,0.707,0.705,0.05,3
2.9480,2999.8,3000.7,0.716,0.703,0.06,3
2.9490,2999.7,3000.2,0.697,0.705,0.07,3
2.9500,2999.7,2999.4,0.694,0.710,0.06,3
2.9510,2999.7,3000.1,0.709,0.706,0.07,3
2.9520,2999.9,3000.2,0.714,0.705,0.07,3
2.9530,2999.8,2999.0,0.691,0.712,0.06,3
2.9540,2999.9,2999.9,0.703,0.707,0.05,3
2.9550,3000.0,2999.8,0.701,0.707,0.06,3
2.9560,3000.0,3000.2,0.706,0.705,0.05,3
2.9570,3000.2,3000.1,0.700,0.706,0.07,3
2.9580,3000.3,2999.9,0.704,0.707,0.05,3
2.9590,3000.3,3000.8,0.713,0.702,0.05,3
2.9600,3000.2,3000.3,0.698,0.705,0.05,3
2.9610,3000.1,3000.6,0.702,0.703,0.05,3
2.9620,3000.0,3000.1,0.698,0.706,0.05,3
2.9630,2999.9,3000.4,0.705,0.704,0.05,3
2.9640,2999.9,3000.1,0.700,0.706,0.06,3
2.9650,2999.9,3000.6,0.709,0.703,0.07,3
2.9660,2999.8,2999.6,0.697,0.709,0.06,3
2.9670,2999.9,3000.2,0.706,0.705,0.07,3
2.9680,2999.8,2999.3,0.694,0.710,0.07,3
2.9690,2999.9,3000.2,0.716,0.705,0.07,3
2.9700,3000.0,2999.3,0.695,0.710,0.07,3
2.9710,3000.0,3000.2,0.716,0.705,0.05,3
2.9720,3000.0,3000.7,0.706,0.703,0.06,3
2.9730,2999.9,2999.4,0.688,0.709,0.06,3
2.9740,2999.8,3000.1,0.710,0.706,0.05,3
2.9750,2999.9,3000.1,0.704,0.706,0.06,3
2.9760,2999.8,2999.6,0.698,0.709,0.06,3
2.9770,2999.9,2999.5,0.697,0.709,0.06,3
2.9780,3000.0,3000.7,0.717,0.703,0.07,3
2.9790,2999.9,3000.4,0.713,0.704,0.06,3
2.9800,2999.9,3000.4,0.711,0.704,0.06,3
2.9810,2999.9,3000.4,0.712,0.704,0.06,3
2.9820,2999.8,2999.7,0.711,0.708,0.06,3
2.9830,3000.0,2999.9,0.707,0.707,0.06,3
2.9840,2999.9,2999.9,0.707,0.707,0.06,3
2.9850,2999.9,2999.4,0.697,0.709,0.05,3
2.9860,2999.9,3000.0,0.704,0.706,0.05,3
2.9870,3000.0,3000.1,0.707,0.706,0.06,3
2.9880,2999.9,3000.3,0.706,0.705,0.05,3
2.9890,2999.9,3000.3,0.696,0.705,0.06,3
2.9900,2999.8,3000.3,0.708,0.705,0.05,3
2.9910,2999.8,2999.5,0.701,0.709,0.06,3
2.9920,2999.8,3000.3,0.704,0.705,0.07,3
2.9930,2999.9,2999.3,0.696,0.710,0.07,3
2.9940,3000.0,3000.3,0.707,0.705,0.06,3
2.9950,3000.0,3000.1,0.695,0.706,0.06,3
2.9960,2999.8,2999.5,0.691,0.709,0.05,3
2.9970,2999.8,2999.8,0.702,0.707,0.05,3
2.9980,2999.9,3000.0,0.693,0.706,0.06,3
2.9990,2999.9,2999.6,0.700,0.708,0.06,3
